"Step","run_1k_episodes_mstep30 - val-reward","run_1k_episodes_mstep30 - val-reward__MIN","run_1k_episodes_mstep30 - val-reward__MAX"
"30","0.41679297205745375","0.41679297205745375","0.41679297205745375"
"62","0.15637211029366335","0.15637211029366335","0.15637211029366335"
"94","0.21149516371689503","0.21149516371689503","0.21149516371689503"
"126","0.3538464741430923","0.3538464741430923","0.3538464741430923"
"160","0.23302142943713744","0.23302142943713744","0.23302142943713744"
"194","0.19965731028663944","0.19965731028663944","0.19965731028663944"
"228","0.24372177579235868","0.24372177579235868","0.24372177579235868"
"262","0.3208850620079232","0.3208850620079232","0.3208850620079232"
"296","0.3326205550527284","0.3326205550527284","0.3326205550527284"
"330","0.30165679780441007","0.30165679780441007","0.30165679780441007"
"364","0.23597257037646133","0.23597257037646133","0.23597257037646133"
"398","0.1405331175278829","0.1405331175278829","0.1405331175278829"
"432","0.3632731769789121","0.3632731769789121","0.3632731769789121"
"466","0.3288206873089403","0.3288206873089403","0.3288206873089403"
"500","0.3101191562729852","0.3101191562729852","0.3101191562729852"
"534","0.2524324909135596","0.2524324909135596","0.2524324909135596"
"568","0.251132180223642","0.251132180223642","0.251132180223642"
"602","0.19039076176048145","0.19039076176048145","0.19039076176048145"
"636","0.22574477894232015","0.22574477894232015","0.22574477894232015"
"670","0.12331366507689373","0.12331366507689373","0.12331366507689373"
"704","0.2412867392666611","0.2412867392666611","0.2412867392666611"
"738","0.22724163347187468","0.22724163347187468","0.22724163347187468"
"772","0.09112127323849754","0.09112127323849754","0.09112127323849754"
"806","0.2552240247560808","0.2552240247560808","0.2552240247560808"
"840","0.2192480929320456","0.2192480929320456","0.2192480929320456"
"874","0.26464043360099937","0.26464043360099937","0.26464043360099937"
"908","0.21920284689254976","0.21920284689254976","0.21920284689254976"
"942","0.37260991100436675","0.37260991100436675","0.37260991100436675"
"976","0.19452410277173302","0.19452410277173302","0.19452410277173302"
"1010","0.2568137458733783","0.2568137458733783","0.2568137458733783"
"1044","0.26812038011791656","0.26812038011791656","0.26812038011791656"
"1078","0.3321567414239705","0.3321567414239705","0.3321567414239705"
"1112","0.25385437139795225","0.25385437139795225","0.25385437139795225"
"1146","0.19775003623078255","0.19775003623078255","0.19775003623078255"
"1180","0.40465659001868676","0.40465659001868676","0.40465659001868676"
"1214","0.20078454914601793","0.20078454914601793","0.20078454914601793"
"1248","0.27573989038352464","0.27573989038352464","0.27573989038352464"
"1282","0.23886442879143077","0.23886442879143077","0.23886442879143077"
"1316","0.21548688526557047","0.21548688526557047","0.21548688526557047"
"1350","0.2404295621650847","0.2404295621650847","0.2404295621650847"
"1384","0.35243234005000096","0.35243234005000096","0.35243234005000096"
"1418","0.28350906440090534","0.28350906440090534","0.28350906440090534"
"1452","0.40082728933404094","0.40082728933404094","0.40082728933404094"
"1486","0.4721179573127207","0.4721179573127207","0.4721179573127207"
"1520","0.27650208003538784","0.27650208003538784","0.27650208003538784"
"1554","0.15626022590213615","0.15626022590213615","0.15626022590213615"
"1588","0.3072808625392129","0.3072808625392129","0.3072808625392129"
"1622","0.20649492112635628","0.20649492112635628","0.20649492112635628"
"1656","0.13413299351444355","0.13413299351444355","0.13413299351444355"
"1690","0.33696639319759275","0.33696639319759275","0.33696639319759275"
"1724","0.2891556988229502","0.2891556988229502","0.2891556988229502"
"1758","0.31152221959048004","0.31152221959048004","0.31152221959048004"
"1792","0.27054659098839057","0.27054659098839057","0.27054659098839057"
"1826","0.16095350742522707","0.16095350742522707","0.16095350742522707"
"1860","0.26220267359919824","0.26220267359919824","0.26220267359919824"
"1894","0.23950717345555264","0.23950717345555264","0.23950717345555264"
"1928","0.20544513605888012","0.20544513605888012","0.20544513605888012"
"1962","0.29633181687426685","0.29633181687426685","0.29633181687426685"
"1996","0.31104106789377484","0.31104106789377484","0.31104106789377484"
"2030","0.17130170464359326","0.17130170464359326","0.17130170464359326"
"2064","0.31891995226662967","0.31891995226662967","0.31891995226662967"
"2098","0.3418250753460768","0.3418250753460768","0.3418250753460768"
"2132","0.3524203613589471","0.3524203613589471","0.3524203613589471"
"2166","0.20708410462584212","0.20708410462584212","0.20708410462584212"
"2200","0.28064098678788413","0.28064098678788413","0.28064098678788413"
"2234","0.21748860810015772","0.21748860810015772","0.21748860810015772"
"2268","0.37060716071993394","0.37060716071993394","0.37060716071993394"
"2302","0.2488571881467283","0.2488571881467283","0.2488571881467283"
"2336","0.34273898623887383","0.34273898623887383","0.34273898623887383"
"2370","0.2190859646326012","0.2190859646326012","0.2190859646326012"
"2404","0.2515794825380658","0.2515794825380658","0.2515794825380658"
"2438","0.27821533268015536","0.27821533268015536","0.27821533268015536"
"2472","0.3681070111703113","0.3681070111703113","0.3681070111703113"
"2506","0.47238582562992254","0.47238582562992254","0.47238582562992254"
"2540","0.3080646125203703","0.3080646125203703","0.3080646125203703"
"2574","0.3203715465468408","0.3203715465468408","0.3203715465468408"
"2608","0.4154404427096885","0.4154404427096885","0.4154404427096885"
"2642","0.2045546219295998","0.2045546219295998","0.2045546219295998"
"2676","0.30346054045621546","0.30346054045621546","0.30346054045621546"
"2710","0.3537417881161454","0.3537417881161454","0.3537417881161454"
"2744","0.4760406387298833","0.4760406387298833","0.4760406387298833"
"2778","0.3057787608120017","0.3057787608120017","0.3057787608120017"
"2812","0.3057641814883399","0.3057641814883399","0.3057641814883399"
"2846","0.3176529458002767","0.3176529458002767","0.3176529458002767"
"2880","0.3148149132455309","0.3148149132455309","0.3148149132455309"
"2914","0.2786945259342634","0.2786945259342634","0.2786945259342634"
"2948","0.4206019492228572","0.4206019492228572","0.4206019492228572"
"2982","0.315404781382009","0.315404781382009","0.315404781382009"
"3016","0.36357000084714386","0.36357000084714386","0.36357000084714386"
"3050","0.4054829521126316","0.4054829521126316","0.4054829521126316"
"3084","0.30588166326825256","0.30588166326825256","0.30588166326825256"
"3118","0.279248203995151","0.279248203995151","0.279248203995151"
"3152","0.35985353733003694","0.35985353733003694","0.35985353733003694"
"3186","0.3650252829454011","0.3650252829454011","0.3650252829454011"
"3220","0.3397110470794884","0.3397110470794884","0.3397110470794884"
"3254","0.292376581537016","0.292376581537016","0.292376581537016"
"3288","0.3154579983264465","0.3154579983264465","0.3154579983264465"
"3322","0.42131126287986204","0.42131126287986204","0.42131126287986204"
"3356","0.3095607685880412","0.3095607685880412","0.3095607685880412"
"3390","0.2536038107793199","0.2536038107793199","0.2536038107793199"
"3424","0.32103682708665526","0.32103682708665526","0.32103682708665526"
"3458","0.31409215307418425","0.31409215307418425","0.31409215307418425"
"3492","0.27816427296241164","0.27816427296241164","0.27816427296241164"
"3526","0.35270159955567365","0.35270159955567365","0.35270159955567365"
"3560","0.34245928112267193","0.34245928112267193","0.34245928112267193"
"3594","0.30613076855509336","0.30613076855509336","0.30613076855509336"
"3628","0.2764690129158051","0.2764690129158051","0.2764690129158051"
"3662","0.15058750533152507","0.15058750533152507","0.15058750533152507"
"3696","0.2543978114139476","0.2543978114139476","0.2543978114139476"
"3730","0.31532961422331207","0.31532961422331207","0.31532961422331207"
"3764","0.2955139395797361","0.2955139395797361","0.2955139395797361"
"3798","0.24878051844416793","0.24878051844416793","0.24878051844416793"
"3832","0.28517927137265175","0.28517927137265175","0.28517927137265175"
"3866","0.3657075778133909","0.3657075778133909","0.3657075778133909"
"3900","0.26396279477916207","0.26396279477916207","0.26396279477916207"
"3934","0.35287912661197063","0.35287912661197063","0.35287912661197063"
"3968","0.21130697417806318","0.21130697417806318","0.21130697417806318"
"4002","0.370443509931673","0.370443509931673","0.370443509931673"
"4036","0.36967697574445646","0.36967697574445646","0.36967697574445646"
"4070","0.28452854545822354","0.28452854545822354","0.28452854545822354"
"4104","0.37178706930298117","0.37178706930298117","0.37178706930298117"
"4138","0.35899881156577823","0.35899881156577823","0.35899881156577823"
"4172","0.2524558621571326","0.2524558621571326","0.2524558621571326"
"4206","0.32128643229375836","0.32128643229375836","0.32128643229375836"
"4240","0.23248959965783608","0.23248959965783608","0.23248959965783608"
"4274","0.34748326297084886","0.34748326297084886","0.34748326297084886"
"4308","0.22765914633912365","0.22765914633912365","0.22765914633912365"
"4342","0.38802284918697844","0.38802284918697844","0.38802284918697844"
"4376","0.34433261698994927","0.34433261698994927","0.34433261698994927"
"4410","0.3687443824506806","0.3687443824506806","0.3687443824506806"
"4444","0.18905093185829178","0.18905093185829178","0.18905093185829178"
"4478","0.30147412747439173","0.30147412747439173","0.30147412747439173"
"4512","0.37474427552390027","0.37474427552390027","0.37474427552390027"
"4546","0.2935428867200124","0.2935428867200124","0.2935428867200124"
"4580","0.24534141211109428","0.24534141211109428","0.24534141211109428"
"4614","0.24463859681159894","0.24463859681159894","0.24463859681159894"
"4648","0.5182009808627156","0.5182009808627156","0.5182009808627156"
"4682","0.34170948278672486","0.34170948278672486","0.34170948278672486"
"4716","0.34768112214495783","0.34768112214495783","0.34768112214495783"
"4750","0.2910171150391301","0.2910171150391301","0.2910171150391301"
"4784","0.23832145768144844","0.23832145768144844","0.23832145768144844"
"4818","0.3949285987647004","0.3949285987647004","0.3949285987647004"
"4852","0.279919393424277","0.279919393424277","0.279919393424277"
"4886","0.4004962438593182","0.4004962438593182","0.4004962438593182"
"4920","0.49885475751558106","0.49885475751558106","0.49885475751558106"
"4954","0.38012206693532874","0.38012206693532874","0.38012206693532874"
"4988","0.2628133351690112","0.2628133351690112","0.2628133351690112"
"5022","0.4490990456094102","0.4490990456094102","0.4490990456094102"
"5056","0.3867463207170929","0.3867463207170929","0.3867463207170929"
"5090","0.4239278483573978","0.4239278483573978","0.4239278483573978"
"5124","0.4368614955865153","0.4368614955865153","0.4368614955865153"
"5158","0.28154758557162074","0.28154758557162074","0.28154758557162074"
"5192","0.4292167938600559","0.4292167938600559","0.4292167938600559"
"5226","0.3162749428461313","0.3162749428461313","0.3162749428461313"
"5260","0.3483964168410822","0.3483964168410822","0.3483964168410822"
"5294","0.3726439287895855","0.3726439287895855","0.3726439287895855"
"5328","0.28188117515611816","0.28188117515611816","0.28188117515611816"
"5362","0.2110132861232513","0.2110132861232513","0.2110132861232513"
"5396","0.2696712784703617","0.2696712784703617","0.2696712784703617"
"5430","0.4172557955569629","0.4172557955569629","0.4172557955569629"
"5464","0.3903808538574925","0.3903808538574925","0.3903808538574925"
"5498","0.43212207198235425","0.43212207198235425","0.43212207198235425"
"5532","0.2362428977533002","0.2362428977533002","0.2362428977533002"
"5566","0.2300619099761135","0.2300619099761135","0.2300619099761135"
"5600","0.29897124876977715","0.29897124876977715","0.29897124876977715"
"5634","0.37769939040326234","0.37769939040326234","0.37769939040326234"
"5668","0.2313787713483272","0.2313787713483272","0.2313787713483272"
"5702","0.25614869370730414","0.25614869370730414","0.25614869370730414"
"5736","0.37554013472564535","0.37554013472564535","0.37554013472564535"
"5770","0.26931952887632843","0.26931952887632843","0.26931952887632843"
"5804","0.41647774618071814","0.41647774618071814","0.41647774618071814"
"5838","0.3246936523072329","0.3246936523072329","0.3246936523072329"
"5872","0.26690414230505993","0.26690414230505993","0.26690414230505993"
"5906","0.26186121754557146","0.26186121754557146","0.26186121754557146"
"5940","0.3950694336251257","0.3950694336251257","0.3950694336251257"
"5974","0.22898016432352022","0.22898016432352022","0.22898016432352022"
"6008","0.3911606913103058","0.3911606913103058","0.3911606913103058"
"6042","0.3716843273624319","0.3716843273624319","0.3716843273624319"
"6076","0.4050853333410032","0.4050853333410032","0.4050853333410032"
"6110","0.5124349488555068","0.5124349488555068","0.5124349488555068"
"6144","0.30945362906522655","0.30945362906522655","0.30945362906522655"
"6178","0.38632190946588657","0.38632190946588657","0.38632190946588657"
"6212","0.4050090283529974","0.4050090283529974","0.4050090283529974"
"6246","0.25479740057889805","0.25479740057889805","0.25479740057889805"
"6280","0.2917066025664074","0.2917066025664074","0.2917066025664074"
"6314","0.3591483795081915","0.3591483795081915","0.3591483795081915"
"6348","0.22416397708260052","0.22416397708260052","0.22416397708260052"
"6382","0.36971455456056024","0.36971455456056024","0.36971455456056024"
"6416","0.38879213923446354","0.38879213923446354","0.38879213923446354"
"6450","0.5145756438329223","0.5145756438329223","0.5145756438329223"
"6484","0.4232723055847562","0.4232723055847562","0.4232723055847562"
"6518","0.21170434057913176","0.21170434057913176","0.21170434057913176"
"6552","0.15660089599237711","0.15660089599237711","0.15660089599237711"
"6586","0.3174155352387215","0.3174155352387215","0.3174155352387215"
"6620","0.4090519549422836","0.4090519549422836","0.4090519549422836"
"6654","0.30602713505455703","0.30602713505455703","0.30602713505455703"
"6688","0.4340869423402663","0.4340869423402663","0.4340869423402663"
"6722","0.3588153963457918","0.3588153963457918","0.3588153963457918"
"6756","0.48504508113027534","0.48504508113027534","0.48504508113027534"
"6790","0.27154477607230243","0.27154477607230243","0.27154477607230243"
"6824","0.4330938609182196","0.4330938609182196","0.4330938609182196"
"6858","0.3900271225036662","0.3900271225036662","0.3900271225036662"
"6892","0.4139454305186639","0.4139454305186639","0.4139454305186639"
"6926","0.41468812955817275","0.41468812955817275","0.41468812955817275"
"6960","0.43934346516644013","0.43934346516644013","0.43934346516644013"
"6994","0.4324853783770229","0.4324853783770229","0.4324853783770229"
"7028","0.316024707231651","0.316024707231651","0.316024707231651"
"7062","0.3584849685836149","0.3584849685836149","0.3584849685836149"
"7096","0.44042793228398236","0.44042793228398236","0.44042793228398236"
"7130","0.37151198119478424","0.37151198119478424","0.37151198119478424"
"7164","0.4095099212952504","0.4095099212952504","0.4095099212952504"
"7198","0.48063552676558857","0.48063552676558857","0.48063552676558857"
"7232","0.4618660174919386","0.4618660174919386","0.4618660174919386"
"7266","0.5110986059522583","0.5110986059522583","0.5110986059522583"
"7300","0.3061051779433535","0.3061051779433535","0.3061051779433535"
"7334","0.2927938123808506","0.2927938123808506","0.2927938123808506"
"7368","0.4939387069414262","0.4939387069414262","0.4939387069414262"
"7402","0.3452683820222533","0.3452683820222533","0.3452683820222533"
"7436","0.3192597905586177","0.3192597905586177","0.3192597905586177"
"7470","0.4278976214123859","0.4278976214123859","0.4278976214123859"
"7504","0.4577599775278498","0.4577599775278498","0.4577599775278498"
"7538","0.3656287609732727","0.3656287609732727","0.3656287609732727"
"7572","0.33376610753191405","0.33376610753191405","0.33376610753191405"
"7606","0.4185898214814596","0.4185898214814596","0.4185898214814596"
"7640","0.2311074960572277","0.2311074960572277","0.2311074960572277"
"7674","0.45786366470450385","0.45786366470450385","0.45786366470450385"
"7708","0.23328240902187114","0.23328240902187114","0.23328240902187114"
"7742","0.34181505398994855","0.34181505398994855","0.34181505398994855"
"7776","0.3470929085457776","0.3470929085457776","0.3470929085457776"
"7810","0.3779395144454771","0.3779395144454771","0.3779395144454771"
"7844","0.36309239296475576","0.36309239296475576","0.36309239296475576"
"7878","0.3387372372158324","0.3387372372158324","0.3387372372158324"
"7912","0.35754805913893106","0.35754805913893106","0.35754805913893106"
"7946","0.35249889223110875","0.35249889223110875","0.35249889223110875"
"7980","0.5055219490761873","0.5055219490761873","0.5055219490761873"
"8014","0.3224785416903827","0.3224785416903827","0.3224785416903827"
"8048","0.45704273459145645","0.45704273459145645","0.45704273459145645"
"8082","0.4511142431333625","0.4511142431333625","0.4511142431333625"
"8116","0.2931285658696048","0.2931285658696048","0.2931285658696048"
"8150","0.42309696077656217","0.42309696077656217","0.42309696077656217"
"8184","0.3982434563383846","0.3982434563383846","0.3982434563383846"
"8218","0.43169477639555115","0.43169477639555115","0.43169477639555115"
"8252","0.3787515913879389","0.3787515913879389","0.3787515913879389"
"8286","0.49878562087004347","0.49878562087004347","0.49878562087004347"
"8320","0.3642686433851104","0.3642686433851104","0.3642686433851104"
"8354","0.44861342589972564","0.44861342589972564","0.44861342589972564"
"8388","0.40196560410071797","0.40196560410071797","0.40196560410071797"
"8422","0.3502100051915351","0.3502100051915351","0.3502100051915351"
"8456","0.4093549606160422","0.4093549606160422","0.4093549606160422"
"8490","0.3272956412200608","0.3272956412200608","0.3272956412200608"
"8524","0.37692143730203737","0.37692143730203737","0.37692143730203737"
"8558","0.33938795156934837","0.33938795156934837","0.33938795156934837"
"8592","0.21061100385160794","0.21061100385160794","0.21061100385160794"
"8626","0.27128056250751875","0.27128056250751875","0.27128056250751875"
"8660","0.1948533031404476","0.1948533031404476","0.1948533031404476"
"8694","0.38532908577257635","0.38532908577257635","0.38532908577257635"
"8728","0.40380212645737634","0.40380212645737634","0.40380212645737634"
"8762","0.3108831749706287","0.3108831749706287","0.3108831749706287"
"8796","0.4020192385587594","0.4020192385587594","0.4020192385587594"
"8830","0.4376663919109373","0.4376663919109373","0.4376663919109373"
"8864","0.38164057793989903","0.38164057793989903","0.38164057793989903"
"8898","0.377326002578333","0.377326002578333","0.377326002578333"
"8932","0.4316385843013893","0.4316385843013893","0.4316385843013893"
"8966","0.44787255317870417","0.44787255317870417","0.44787255317870417"
"9000","0.38896526834313744","0.38896526834313744","0.38896526834313744"
"9034","0.45238197101084104","0.45238197101084104","0.45238197101084104"
"9068","0.5457964188341299","0.5457964188341299","0.5457964188341299"
"9102","0.5196822878974502","0.5196822878974502","0.5196822878974502"
"9136","0.4001318749045582","0.4001318749045582","0.4001318749045582"
"9170","0.501648708295907","0.501648708295907","0.501648708295907"
"9204","0.5688590033343913","0.5688590033343913","0.5688590033343913"
"9238","0.3946027085900922","0.3946027085900922","0.3946027085900922"
"9272","0.3259958097624666","0.3259958097624666","0.3259958097624666"
"9306","0.38939757962533433","0.38939757962533433","0.38939757962533433"
"9340","0.48862829798669044","0.48862829798669044","0.48862829798669044"
"9374","0.39212215831634073","0.39212215831634073","0.39212215831634073"
"9408","0.2790274724809061","0.2790274724809061","0.2790274724809061"
"9442","0.45994643080297415","0.45994643080297415","0.45994643080297415"
"9476","0.4988312552036111","0.4988312552036111","0.4988312552036111"
"9510","0.34303133898753857","0.34303133898753857","0.34303133898753857"
"9544","0.27837659415502747","0.27837659415502747","0.27837659415502747"
"9578","0.33571194463042925","0.33571194463042925","0.33571194463042925"
"9612","0.2188545414526939","0.2188545414526939","0.2188545414526939"
"9646","0.4636045662659723","0.4636045662659723","0.4636045662659723"
"9680","0.43096307156897024","0.43096307156897024","0.43096307156897024"
"9714","0.43270516264035835","0.43270516264035835","0.43270516264035835"
"9748","0.3667688813432066","0.3667688813432066","0.3667688813432066"
"9782","0.3206823761011854","0.3206823761011854","0.3206823761011854"
"9816","0.3938495497749255","0.3938495497749255","0.3938495497749255"
"9850","0.30984891841200546","0.30984891841200546","0.30984891841200546"
"9884","0.30681077881229096","0.30681077881229096","0.30681077881229096"
"9918","0.3049558009047992","0.3049558009047992","0.3049558009047992"
"9952","0.47531766780856094","0.47531766780856094","0.47531766780856094"
"9986","0.37736459503879133","0.37736459503879133","0.37736459503879133"
"10020","0.2498158863876955","0.2498158863876955","0.2498158863876955"
"10054","0.25705923029913336","0.25705923029913336","0.25705923029913336"
"10088","0.21711533910063432","0.21711533910063432","0.21711533910063432"
"10122","0.369566319868839","0.369566319868839","0.369566319868839"
"10156","0.4709577907691391","0.4709577907691391","0.4709577907691391"
"10190","0.3162064196687316","0.3162064196687316","0.3162064196687316"
"10224","0.35458870943144055","0.35458870943144055","0.35458870943144055"
"10258","0.4397769097355502","0.4397769097355502","0.4397769097355502"
"10292","0.35996337499107356","0.35996337499107356","0.35996337499107356"
"10326","0.26614815647395107","0.26614815647395107","0.26614815647395107"
"10360","0.2696422723602289","0.2696422723602289","0.2696422723602289"
"10394","0.29495018315182275","0.29495018315182275","0.29495018315182275"
"10428","0.22633571703940333","0.22633571703940333","0.22633571703940333"
"10462","0.37736293050453096","0.37736293050453096","0.37736293050453096"
"10496","0.48108455308482007","0.48108455308482007","0.48108455308482007"
"10530","0.4920086098332764","0.4920086098332764","0.4920086098332764"
"10564","0.4896904976696082","0.4896904976696082","0.4896904976696082"
"10598","0.3914241926112428","0.3914241926112428","0.3914241926112428"
"10632","0.40764001699915625","0.40764001699915625","0.40764001699915625"
"10666","0.33449233814412027","0.33449233814412027","0.33449233814412027"
"10700","0.3176942473611252","0.3176942473611252","0.3176942473611252"
"10734","0.32973942647062965","0.32973942647062965","0.32973942647062965"
"10768","0.3019462378597549","0.3019462378597549","0.3019462378597549"
"10802","0.43693600734819066","0.43693600734819066","0.43693600734819066"
"10836","0.3529085170116348","0.3529085170116348","0.3529085170116348"
"10870","0.3508266001905081","0.3508266001905081","0.3508266001905081"
"10904","0.5543724225260704","0.5543724225260704","0.5543724225260704"
"10938","0.44016148988372295","0.44016148988372295","0.44016148988372295"
"10972","0.32735963869461787","0.32735963869461787","0.32735963869461787"
"11006","0.44613102960300566","0.44613102960300566","0.44613102960300566"
"11040","0.5028369766536609","0.5028369766536609","0.5028369766536609"
"11074","0.2989833871947902","0.2989833871947902","0.2989833871947902"
"11108","0.46907595505490396","0.46907595505490396","0.46907595505490396"
"11142","0.44895888726162614","0.44895888726162614","0.44895888726162614"
"11176","0.49689511145806375","0.49689511145806375","0.49689511145806375"
"11210","0.34963637762191957","0.34963637762191957","0.34963637762191957"
"11244","0.5442114594870743","0.5442114594870743","0.5442114594870743"
"11278","0.3596590601251877","0.3596590601251877","0.3596590601251877"
"11312","0.46634329575726224","0.46634329575726224","0.46634329575726224"
"11346","0.3749258255322783","0.3749258255322783","0.3749258255322783"
"11380","0.17990557510165398","0.17990557510165398","0.17990557510165398"
"11414","0.5876021758531526","0.5876021758531526","0.5876021758531526"
"11448","0.3597068550201172","0.3597068550201172","0.3597068550201172"
"11482","0.4829201150175799","0.4829201150175799","0.4829201150175799"
"11516","0.31811171923258075","0.31811171923258075","0.31811171923258075"
"11550","0.35516459284624274","0.35516459284624274","0.35516459284624274"
"11584","0.4256254319600803","0.4256254319600803","0.4256254319600803"
"11618","0.33514413540615906","0.33514413540615906","0.33514413540615906"
"11652","0.4936248415513295","0.4936248415513295","0.4936248415513295"
"11686","0.277817420841766","0.277817420841766","0.277817420841766"
"11720","0.5610689812148685","0.5610689812148685","0.5610689812148685"
"11754","0.2787601067458872","0.2787601067458872","0.2787601067458872"
"11788","0.42491712855641534","0.42491712855641534","0.42491712855641534"
"11822","0.33814323721992684","0.33814323721992684","0.33814323721992684"
"11856","0.36597499135071043","0.36597499135071043","0.36597499135071043"
"11890","0.30392055467709705","0.30392055467709705","0.30392055467709705"
"11924","0.45999109656584536","0.45999109656584536","0.45999109656584536"
"11958","0.4074441950289218","0.4074441950289218","0.4074441950289218"
"11992","0.3361899993967226","0.3361899993967226","0.3361899993967226"
"12026","0.47373765190713263","0.47373765190713263","0.47373765190713263"
"12060","0.3536709218125855","0.3536709218125855","0.3536709218125855"
"12094","0.42974109948247","0.42974109948247","0.42974109948247"
"12128","0.3692214357460208","0.3692214357460208","0.3692214357460208"
"12162","0.33787793327121857","0.33787793327121857","0.33787793327121857"
"12196","0.3710487245343069","0.3710487245343069","0.3710487245343069"
"12230","0.23348756650232919","0.23348756650232919","0.23348756650232919"
"12264","0.33036175769997883","0.33036175769997883","0.33036175769997883"
"12298","0.32134459339920307","0.32134459339920307","0.32134459339920307"
"12332","0.47224759638063757","0.47224759638063757","0.47224759638063757"
"12366","0.3611136501116888","0.3611136501116888","0.3611136501116888"
"12400","0.2735493542716358","0.2735493542716358","0.2735493542716358"
"12434","0.40656180645490325","0.40656180645490325","0.40656180645490325"
"12468","0.5185088470309713","0.5185088470309713","0.5185088470309713"
"12502","0.4993458162284425","0.4993458162284425","0.4993458162284425"
"12536","0.44352883823709394","0.44352883823709394","0.44352883823709394"
"12570","0.27520298751449096","0.27520298751449096","0.27520298751449096"
"12604","0.44815424831401063","0.44815424831401063","0.44815424831401063"
"12638","0.5596963630902071","0.5596963630902071","0.5596963630902071"
"12672","0.4586579021570869","0.4586579021570869","0.4586579021570869"
"12706","0.26773731870593714","0.26773731870593714","0.26773731870593714"
"12740","0.3603377516164455","0.3603377516164455","0.3603377516164455"
"12774","0.2748291607506245","0.2748291607506245","0.2748291607506245"
"12808","0.34577503791242653","0.34577503791242653","0.34577503791242653"
"12842","0.44494459408955606","0.44494459408955606","0.44494459408955606"
"12876","0.3148085008460325","0.3148085008460325","0.3148085008460325"
"12910","0.25612431849035416","0.25612431849035416","0.25612431849035416"
"12944","0.38645608785631397","0.38645608785631397","0.38645608785631397"
"12978","0.4871069421835535","0.4871069421835535","0.4871069421835535"
"13012","0.4025803889110668","0.4025803889110668","0.4025803889110668"
"13046","0.4201797193289682","0.4201797193289682","0.4201797193289682"
"13080","0.3615811507665576","0.3615811507665576","0.3615811507665576"
"13114","0.4359628334141434","0.4359628334141434","0.4359628334141434"
"13148","0.2359141353139785","0.2359141353139785","0.2359141353139785"
"13182","0.3490244328235235","0.3490244328235235","0.3490244328235235"
"13216","0.40868344603014367","0.40868344603014367","0.40868344603014367"
"13250","0.31698412576177687","0.31698412576177687","0.31698412576177687"
"13284","0.44585801111969253","0.44585801111969253","0.44585801111969253"
"13318","0.43204290036527265","0.43204290036527265","0.43204290036527265"
"13352","0.4587952882922867","0.4587952882922867","0.4587952882922867"
"13386","0.5130674495514316","0.5130674495514316","0.5130674495514316"
"13420","0.5617932041754922","0.5617932041754922","0.5617932041754922"
"13454","0.30629440338053787","0.30629440338053787","0.30629440338053787"
"13488","0.5109516961795758","0.5109516961795758","0.5109516961795758"
"13522","0.3487266512018645","0.3487266512018645","0.3487266512018645"
"13556","0.3382781552897039","0.3382781552897039","0.3382781552897039"
"13590","0.516590810426557","0.516590810426557","0.516590810426557"
"13624","0.46342640960590425","0.46342640960590425","0.46342640960590425"
"13658","0.3583386973731116","0.3583386973731116","0.3583386973731116"
"13692","0.28750825159338717","0.28750825159338717","0.28750825159338717"
"13726","0.39557217595987654","0.39557217595987654","0.39557217595987654"
"13760","0.3963329034218952","0.3963329034218952","0.3963329034218952"
"13794","0.5051227458361388","0.5051227458361388","0.5051227458361388"
"13828","0.4034517637563788","0.4034517637563788","0.4034517637563788"
"13862","0.4300400839127561","0.4300400839127561","0.4300400839127561"
"13896","0.41700178938580973","0.41700178938580973","0.41700178938580973"
"13930","0.524629774284962","0.524629774284962","0.524629774284962"
"13964","0.5333299352147889","0.5333299352147889","0.5333299352147889"
"13998","0.4873893163134761","0.4873893163134761","0.4873893163134761"
"14032","0.37512930709842046","0.37512930709842046","0.37512930709842046"
"14066","0.26179681272860267","0.26179681272860267","0.26179681272860267"
"14100","0.6094476630354088","0.6094476630354088","0.6094476630354088"
"14134","0.4285665062663396","0.4285665062663396","0.4285665062663396"
"14168","0.45630609072641476","0.45630609072641476","0.45630609072641476"
"14202","0.3759022273630375","0.3759022273630375","0.3759022273630375"
"14236","0.43016255977534684","0.43016255977534684","0.43016255977534684"
"14270","0.4134224069248307","0.4134224069248307","0.4134224069248307"
"14304","0.26230465879048553","0.26230465879048553","0.26230465879048553"
"14338","0.2787039322309503","0.2787039322309503","0.2787039322309503"
"14372","0.34936209807038615","0.34936209807038615","0.34936209807038615"
"14406","0.5245279009222834","0.5245279009222834","0.5245279009222834"
"14440","0.5617429483311409","0.5617429483311409","0.5617429483311409"
"14474","0.5484888051543023","0.5484888051543023","0.5484888051543023"
"14508","0.2656079937640495","0.2656079937640495","0.2656079937640495"
"14542","0.3313295650861539","0.3313295650861539","0.3313295650861539"
"14576","0.35909791720424256","0.35909791720424256","0.35909791720424256"
"14610","0.4323072277632057","0.4323072277632057","0.4323072277632057"
"14644","0.35784701326859053","0.35784701326859053","0.35784701326859053"
"14678","0.550418940196128","0.550418940196128","0.550418940196128"
"14712","0.4923726100889256","0.4923726100889256","0.4923726100889256"
"14746","0.49807368743291763","0.49807368743291763","0.49807368743291763"
"14780","0.43774938649711476","0.43774938649711476","0.43774938649711476"
"14814","0.41761083035704116","0.41761083035704116","0.41761083035704116"
"14848","0.3517849160040109","0.3517849160040109","0.3517849160040109"
"14882","0.41107265766151735","0.41107265766151735","0.41107265766151735"
"14916","0.47542325272662916","0.47542325272662916","0.47542325272662916"
"14950","0.27106313023363765","0.27106313023363765","0.27106313023363765"
"14984","0.4221411320556065","0.4221411320556065","0.4221411320556065"
"15018","0.5213816200594366","0.5213816200594366","0.5213816200594366"
"15052","0.5361394692563292","0.5361394692563292","0.5361394692563292"
"15086","0.34477528524484935","0.34477528524484935","0.34477528524484935"
"15120","0.4057652233696494","0.4057652233696494","0.4057652233696494"
"15154","0.23290002299440307","0.23290002299440307","0.23290002299440307"
"15188","0.42221823585248147","0.42221823585248147","0.42221823585248147"
"15222","0.4358633861810484","0.4358633861810484","0.4358633861810484"
"15256","0.2718651901011102","0.2718651901011102","0.2718651901011102"
"15290","0.3190513611425288","0.3190513611425288","0.3190513611425288"
"15324","0.42807413234319797","0.42807413234319797","0.42807413234319797"
"15358","0.39224351859063206","0.39224351859063206","0.39224351859063206"
"15392","0.43318378489860904","0.43318378489860904","0.43318378489860904"
"15426","0.43185271116568885","0.43185271116568885","0.43185271116568885"
"15460","0.3277256107905535","0.3277256107905535","0.3277256107905535"
"15494","0.2947567906347304","0.2947567906347304","0.2947567906347304"
"15528","0.46894007372495866","0.46894007372495866","0.46894007372495866"
"15562","0.363551637230957","0.363551637230957","0.363551637230957"
"15596","0.5368559378706986","0.5368559378706986","0.5368559378706986"
"15630","0.41620206804942345","0.41620206804942345","0.41620206804942345"
"15664","0.33379224026354787","0.33379224026354787","0.33379224026354787"
"15698","0.3998085051525329","0.3998085051525329","0.3998085051525329"
"15732","0.3220830171396006","0.3220830171396006","0.3220830171396006"
"15766","0.44903410738392724","0.44903410738392724","0.44903410738392724"
"15800","0.25101210249437633","0.25101210249437633","0.25101210249437633"
"15834","0.42851053064777256","0.42851053064777256","0.42851053064777256"
"15868","0.31380229364905826","0.31380229364905826","0.31380229364905826"
"15902","0.39342098591238983","0.39342098591238983","0.39342098591238983"
"15936","0.45693878972382135","0.45693878972382135","0.45693878972382135"
"15970","0.4109174075165763","0.4109174075165763","0.4109174075165763"
"16004","0.3508627353831751","0.3508627353831751","0.3508627353831751"
"16038","0.5426154668065736","0.5426154668065736","0.5426154668065736"
"16072","0.31703739069065157","0.31703739069065157","0.31703739069065157"
"16106","0.4577696166423105","0.4577696166423105","0.4577696166423105"
"16140","0.46298091888060205","0.46298091888060205","0.46298091888060205"
"16174","0.4432546386482305","0.4432546386482305","0.4432546386482305"
"16208","0.3759986096229487","0.3759986096229487","0.3759986096229487"
"16242","0.4180438557679333","0.4180438557679333","0.4180438557679333"
"16276","0.41070939153918734","0.41070939153918734","0.41070939153918734"
"16310","0.3801493331085213","0.3801493331085213","0.3801493331085213"
"16344","0.3594672499973759","0.3594672499973759","0.3594672499973759"
"16378","0.38204461438114007","0.38204461438114007","0.38204461438114007"
"16412","0.4375126435452887","0.4375126435452887","0.4375126435452887"
"16446","0.4579725704373769","0.4579725704373769","0.4579725704373769"
"16480","0.4908156929908107","0.4908156929908107","0.4908156929908107"
"16514","0.47023801936307197","0.47023801936307197","0.47023801936307197"
"16548","0.49468744471442666","0.49468744471442666","0.49468744471442666"
"16582","0.44921310774235096","0.44921310774235096","0.44921310774235096"
"16616","0.4975811690332013","0.4975811690332013","0.4975811690332013"
"16650","0.5404306803346829","0.5404306803346829","0.5404306803346829"
"16684","0.4182716983106058","0.4182716983106058","0.4182716983106058"
"16718","0.5596484995943404","0.5596484995943404","0.5596484995943404"
"16752","0.5150017243156567","0.5150017243156567","0.5150017243156567"
"16786","0.4627505831889322","0.4627505831889322","0.4627505831889322"
"16820","0.3765429644940685","0.3765429644940685","0.3765429644940685"
"16854","0.42352301549710747","0.42352301549710747","0.42352301549710747"
"16888","0.4909506852697745","0.4909506852697745","0.4909506852697745"
"16922","0.220637447379184","0.220637447379184","0.220637447379184"
"16956","0.4124933159200737","0.4124933159200737","0.4124933159200737"
"16990","0.3580766156702877","0.3580766156702877","0.3580766156702877"
"17024","0.3976518507287456","0.3976518507287456","0.3976518507287456"
"17058","0.47187326331423796","0.47187326331423796","0.47187326331423796"
"17092","0.42058058870552467","0.42058058870552467","0.42058058870552467"
"17126","0.4212963533991463","0.4212963533991463","0.4212963533991463"
"17160","0.4990036012161035","0.4990036012161035","0.4990036012161035"
"17194","0.5014203125856144","0.5014203125856144","0.5014203125856144"
"17228","0.5604062944375521","0.5604062944375521","0.5604062944375521"
"17262","0.24674777008823934","0.24674777008823934","0.24674777008823934"
"17296","0.4729713699852656","0.4729713699852656","0.4729713699852656"
"17330","0.482471426341732","0.482471426341732","0.482471426341732"
"17364","0.4267584136568834","0.4267584136568834","0.4267584136568834"
"17398","0.35369251547326747","0.35369251547326747","0.35369251547326747"
"17432","0.2567946637222054","0.2567946637222054","0.2567946637222054"
"17466","0.47308953722344044","0.47308953722344044","0.47308953722344044"
"17500","0.3308401147209092","0.3308401147209092","0.3308401147209092"
"17534","0.5996943754046385","0.5996943754046385","0.5996943754046385"
"17568","0.3374649058484316","0.3374649058484316","0.3374649058484316"
"17602","0.4380436821933545","0.4380436821933545","0.4380436821933545"
"17636","0.3988142628334484","0.3988142628334484","0.3988142628334484"
"17670","0.47714330321464266","0.47714330321464266","0.47714330321464266"
"17704","0.4558932019999767","0.4558932019999767","0.4558932019999767"
"17738","0.47568992501873536","0.47568992501873536","0.47568992501873536"
"17772","0.2724963990460573","0.2724963990460573","0.2724963990460573"
"17806","0.24763080648078803","0.24763080648078803","0.24763080648078803"
"17840","0.37230902498618823","0.37230902498618823","0.37230902498618823"
"17874","0.3673192165398007","0.3673192165398007","0.3673192165398007"
"17908","0.5207369750497864","0.5207369750497864","0.5207369750497864"
"17942","0.4390706359465088","0.4390706359465088","0.4390706359465088"
"17976","0.4185002100680036","0.4185002100680036","0.4185002100680036"
"18010","0.3616192700813177","0.3616192700813177","0.3616192700813177"
"18044","0.5264091054860384","0.5264091054860384","0.5264091054860384"
"18078","0.580717161275909","0.580717161275909","0.580717161275909"
"18112","0.41008261896464565","0.41008261896464565","0.41008261896464565"
"18146","0.3375686944233134","0.3375686944233134","0.3375686944233134"
"18180","0.38129981885710706","0.38129981885710706","0.38129981885710706"
"18214","0.39122019757644616","0.39122019757644616","0.39122019757644616"
"18248","0.4393315305077748","0.4393315305077748","0.4393315305077748"
"18282","0.5184022704867638","0.5184022704867638","0.5184022704867638"
"18316","0.4911145189811928","0.4911145189811928","0.4911145189811928"
"18350","0.4575417085401199","0.4575417085401199","0.4575417085401199"
"18384","0.37850499903995055","0.37850499903995055","0.37850499903995055"
"18418","0.4202823915122063","0.4202823915122063","0.4202823915122063"
"18452","0.4469116321396063","0.4469116321396063","0.4469116321396063"
"18486","0.39919549832514134","0.39919549832514134","0.39919549832514134"
"18520","0.4528989421441842","0.4528989421441842","0.4528989421441842"
"18554","0.45993246297226836","0.45993246297226836","0.45993246297226836"
"18588","0.45620885302595543","0.45620885302595543","0.45620885302595543"
"18622","0.5996959677683382","0.5996959677683382","0.5996959677683382"
"18656","0.5842928765571936","0.5842928765571936","0.5842928765571936"
"18690","0.45079465829993576","0.45079465829993576","0.45079465829993576"
"18724","0.28396916319168514","0.28396916319168514","0.28396916319168514"
"18758","0.5792329409664545","0.5792329409664545","0.5792329409664545"
"18792","0.31760216916382417","0.31760216916382417","0.31760216916382417"
"18826","0.5568208148698465","0.5568208148698465","0.5568208148698465"
"18860","0.5025298300155769","0.5025298300155769","0.5025298300155769"
"18894","0.4572973840360542","0.4572973840360542","0.4572973840360542"
"18928","0.5003710980043014","0.5003710980043014","0.5003710980043014"
"18962","0.39805013367912273","0.39805013367912273","0.39805013367912273"
"18996","0.337617872762586","0.337617872762586","0.337617872762586"
"19030","0.3956082791510176","0.3956082791510176","0.3956082791510176"
"19064","0.4236953837405077","0.4236953837405077","0.4236953837405077"
"19098","0.45155602628602604","0.45155602628602604","0.45155602628602604"
"19132","0.4505063253074464","0.4505063253074464","0.4505063253074464"
"19166","0.4364113009543125","0.4364113009543125","0.4364113009543125"
"19200","0.4029912347792753","0.4029912347792753","0.4029912347792753"
"19234","0.5888855713216874","0.5888855713216874","0.5888855713216874"
"19268","0.3275652679110295","0.3275652679110295","0.3275652679110295"
"19302","0.5673386736703913","0.5673386736703913","0.5673386736703913"
"19336","0.4806412915341589","0.4806412915341589","0.4806412915341589"
"19370","0.4176387512182947","0.4176387512182947","0.4176387512182947"
"19404","0.5412987226530235","0.5412987226530235","0.5412987226530235"
"19438","0.45652424288462184","0.45652424288462184","0.45652424288462184"
"19472","0.35217448648674937","0.35217448648674937","0.35217448648674937"
"19506","0.33759371403415234","0.33759371403415234","0.33759371403415234"
"19540","0.3538244281370931","0.3538244281370931","0.3538244281370931"
"19574","0.5251646828761578","0.5251646828761578","0.5251646828761578"
"19608","0.30513568911607425","0.30513568911607425","0.30513568911607425"
"19642","0.345990623357763","0.345990623357763","0.345990623357763"
"19676","0.43174752383968457","0.43174752383968457","0.43174752383968457"
"19710","0.4134643760232301","0.4134643760232301","0.4134643760232301"
"19744","0.498842138120976","0.498842138120976","0.498842138120976"
"19778","0.5054109741426797","0.5054109741426797","0.5054109741426797"
"19812","0.5542476583971271","0.5542476583971271","0.5542476583971271"
"19846","0.4587811583524258","0.4587811583524258","0.4587811583524258"
"19880","0.4364941576336671","0.4364941576336671","0.4364941576336671"
"19914","0.497642762512756","0.497642762512756","0.497642762512756"
"19948","0.4198121716811505","0.4198121716811505","0.4198121716811505"
"19982","0.2828884319404648","0.2828884319404648","0.2828884319404648"
"20016","0.5273587453296984","0.5273587453296984","0.5273587453296984"
"20050","0.4438978414355034","0.4438978414355034","0.4438978414355034"
"20084","0.4211178054971101","0.4211178054971101","0.4211178054971101"
"20118","0.46338722730278076","0.46338722730278076","0.46338722730278076"
"20152","0.5824121471327327","0.5824121471327327","0.5824121471327327"
"20186","0.4315721428556925","0.4315721428556925","0.4315721428556925"
"20220","0.5059585327638918","0.5059585327638918","0.5059585327638918"
"20254","0.32203925473199285","0.32203925473199285","0.32203925473199285"
"20288","0.5041908523488717","0.5041908523488717","0.5041908523488717"
"20322","0.4261157921139986","0.4261157921139986","0.4261157921139986"
"20356","0.30578081530596446","0.30578081530596446","0.30578081530596446"
"20390","0.34440324249680215","0.34440324249680215","0.34440324249680215"
"20424","0.417141017218371","0.417141017218371","0.417141017218371"
"20458","0.458146028921083","0.458146028921083","0.458146028921083"
"20492","0.45994844537325147","0.45994844537325147","0.45994844537325147"
"20526","0.463593419489345","0.463593419489345","0.463593419489345"
"20560","0.5359185456883724","0.5359185456883724","0.5359185456883724"
"20594","0.430915847798774","0.430915847798774","0.430915847798774"
"20628","0.4796402901187616","0.4796402901187616","0.4796402901187616"
"20662","0.5226807624435229","0.5226807624435229","0.5226807624435229"
"20696","0.49852184335630706","0.49852184335630706","0.49852184335630706"
"20730","0.324682940177257","0.324682940177257","0.324682940177257"
"20764","0.4502559157152241","0.4502559157152241","0.4502559157152241"
"20798","0.4001456800433312","0.4001456800433312","0.4001456800433312"
"20832","0.5503780276357819","0.5503780276357819","0.5503780276357819"
"20866","0.4175394803887266","0.4175394803887266","0.4175394803887266"
"20900","0.5431396972353093","0.5431396972353093","0.5431396972353093"
"20934","0.5264294369721051","0.5264294369721051","0.5264294369721051"
"20968","0.2839675889537912","0.2839675889537912","0.2839675889537912"
"21002","0.4220671638453772","0.4220671638453772","0.4220671638453772"
"21036","0.37699154102505505","0.37699154102505505","0.37699154102505505"
"21070","0.35173873552782137","0.35173873552782137","0.35173873552782137"
"21104","0.42892571550520514","0.42892571550520514","0.42892571550520514"
"21138","0.43932353519596457","0.43932353519596457","0.43932353519596457"
"21172","0.5073661212585643","0.5073661212585643","0.5073661212585643"
"21206","0.6409819842346298","0.6409819842346298","0.6409819842346298"
"21240","0.360194461376309","0.360194461376309","0.360194461376309"
"21274","0.5276839994900718","0.5276839994900718","0.5276839994900718"
"21308","0.42152699407107447","0.42152699407107447","0.42152699407107447"
"21342","0.566057856564609","0.566057856564609","0.566057856564609"
"21376","0.5191396196592994","0.5191396196592994","0.5191396196592994"
"21410","0.30957639051326624","0.30957639051326624","0.30957639051326624"
"21444","0.43193416028957626","0.43193416028957626","0.43193416028957626"
"21478","0.4582179879918921","0.4582179879918921","0.4582179879918921"
"21512","0.4555410093836354","0.4555410093836354","0.4555410093836354"
"21546","0.5065183602675777","0.5065183602675777","0.5065183602675777"
"21580","0.4700499088768643","0.4700499088768643","0.4700499088768643"
"21614","0.5208861442172187","0.5208861442172187","0.5208861442172187"
"21648","0.6447341362941766","0.6447341362941766","0.6447341362941766"
"21682","0.3284804415700198","0.3284804415700198","0.3284804415700198"
"21716","0.42069155132596453","0.42069155132596453","0.42069155132596453"
"21750","0.33837253957591","0.33837253957591","0.33837253957591"
"21784","0.4883025062237449","0.4883025062237449","0.4883025062237449"
"21818","0.6324704062574048","0.6324704062574048","0.6324704062574048"
"21852","0.49047857198016537","0.49047857198016537","0.49047857198016537"
"21886","0.43825499129856543","0.43825499129856543","0.43825499129856543"
"21920","0.5416890703091436","0.5416890703091436","0.5416890703091436"
"21954","0.44065047333810065","0.44065047333810065","0.44065047333810065"
"21988","0.6006985717493849","0.6006985717493849","0.6006985717493849"
"22022","0.40495345370179","0.40495345370179","0.40495345370179"
"22056","0.5365583759612439","0.5365583759612439","0.5365583759612439"
"22090","0.2899022103689927","0.2899022103689927","0.2899022103689927"
"22124","0.5229186369520655","0.5229186369520655","0.5229186369520655"
"22158","0.541476251707806","0.541476251707806","0.541476251707806"
"22192","0.4729515773999197","0.4729515773999197","0.4729515773999197"
"22226","0.55510412597696","0.55510412597696","0.55510412597696"
"22260","0.49591231052048307","0.49591231052048307","0.49591231052048307"
"22294","0.620959235320739","0.620959235320739","0.620959235320739"
"22328","0.4391959449994894","0.4391959449994894","0.4391959449994894"
"22362","0.5182015606921765","0.5182015606921765","0.5182015606921765"
"22396","0.3791690763095276","0.3791690763095276","0.3791690763095276"
"22430","0.2504834817235945","0.2504834817235945","0.2504834817235945"
"22464","0.5124115985989824","0.5124115985989824","0.5124115985989824"
"22498","0.36817462667978657","0.36817462667978657","0.36817462667978657"
"22532","0.4243466653895324","0.4243466653895324","0.4243466653895324"
"22566","0.403683724829678","0.403683724829678","0.403683724829678"
"22600","0.505323321869357","0.505323321869357","0.505323321869357"
"22634","0.4638276309601708","0.4638276309601708","0.4638276309601708"
"22668","0.31451176089959915","0.31451176089959915","0.31451176089959915"
"22702","0.3688965373871243","0.3688965373871243","0.3688965373871243"
"22736","0.48442867069246026","0.48442867069246026","0.48442867069246026"
"22770","0.5581754739994934","0.5581754739994934","0.5581754739994934"
"22804","0.35796830445552685","0.35796830445552685","0.35796830445552685"
"22838","0.38935060583163006","0.38935060583163006","0.38935060583163006"
"22872","0.3229692937535757","0.3229692937535757","0.3229692937535757"
"22906","0.47406811081097316","0.47406811081097316","0.47406811081097316"
"22940","0.49956611686142294","0.49956611686142294","0.49956611686142294"
"22974","0.526992196582898","0.526992196582898","0.526992196582898"
"23008","0.3987156029289975","0.3987156029289975","0.3987156029289975"
"23042","0.5030318297885973","0.5030318297885973","0.5030318297885973"
"23076","0.6658244204490891","0.6658244204490891","0.6658244204490891"
"23110","0.6376381326574859","0.6376381326574859","0.6376381326574859"
"23144","0.43082024735020963","0.43082024735020963","0.43082024735020963"
"23178","0.5585427257550207","0.5585427257550207","0.5585427257550207"
"23212","0.6160002817779865","0.6160002817779865","0.6160002817779865"
"23246","0.5129117187096273","0.5129117187096273","0.5129117187096273"
"23280","0.43378680628962174","0.43378680628962174","0.43378680628962174"
"23314","0.6103076481385866","0.6103076481385866","0.6103076481385866"
"23348","0.7176931719562324","0.7176931719562324","0.7176931719562324"
"23382","0.644586062498029","0.644586062498029","0.644586062498029"
"23416","0.3934093150799714","0.3934093150799714","0.3934093150799714"
"23450","0.6883099801092815","0.6883099801092815","0.6883099801092815"
"23484","0.4629319398409848","0.4629319398409848","0.4629319398409848"
"23518","0.38500925411320663","0.38500925411320663","0.38500925411320663"
"23552","0.5363213253434306","0.5363213253434306","0.5363213253434306"
"23586","0.4542523538189556","0.4542523538189556","0.4542523538189556"
"23620","0.5267394262972777","0.5267394262972777","0.5267394262972777"
"23654","0.5105132057600613","0.5105132057600613","0.5105132057600613"
"23688","0.485600358506263","0.485600358506263","0.485600358506263"
"23722","0.45299144936814506","0.45299144936814506","0.45299144936814506"
"23756","0.42893700691490927","0.42893700691490927","0.42893700691490927"
"23790","0.4172569716089643","0.4172569716089643","0.4172569716089643"
"23824","0.5717588730236068","0.5717588730236068","0.5717588730236068"
"23858","0.4235967721693881","0.4235967721693881","0.4235967721693881"
"23892","0.4047509771314371","0.4047509771314371","0.4047509771314371"
"23926","0.5451015647093154","0.5451015647093154","0.5451015647093154"
"23960","0.3944613493479492","0.3944613493479492","0.3944613493479492"
"23994","0.27573849721622007","0.27573849721622007","0.27573849721622007"
"24028","0.5221027478179042","0.5221027478179042","0.5221027478179042"
"24062","0.4061747536431997","0.4061747536431997","0.4061747536431997"
"24096","0.48704158952606796","0.48704158952606796","0.48704158952606796"
"24130","0.7325158493702384","0.7325158493702384","0.7325158493702384"
"24164","0.4216962076030815","0.4216962076030815","0.4216962076030815"
"24198","0.4748461539729007","0.4748461539729007","0.4748461539729007"
"24232","0.5881287088434131","0.5881287088434131","0.5881287088434131"
"24266","0.36327891134487755","0.36327891134487755","0.36327891134487755"
"24300","0.592052931973384","0.592052931973384","0.592052931973384"
"24334","0.4245423511350756","0.4245423511350756","0.4245423511350756"
"24368","0.5006454559565449","0.5006454559565449","0.5006454559565449"
"24402","0.4104682072879014","0.4104682072879014","0.4104682072879014"
"24436","0.506724897715933","0.506724897715933","0.506724897715933"
"24470","0.4408912044681525","0.4408912044681525","0.4408912044681525"
"24504","0.5326709013232818","0.5326709013232818","0.5326709013232818"
"24538","0.21815709946090758","0.21815709946090758","0.21815709946090758"
"24572","0.42155172572717836","0.42155172572717836","0.42155172572717836"
"24606","0.4234284551588224","0.4234284551588224","0.4234284551588224"
"24640","0.5223462473209572","0.5223462473209572","0.5223462473209572"
"24674","0.6298338301983425","0.6298338301983425","0.6298338301983425"
"24708","0.5333649828482712","0.5333649828482712","0.5333649828482712"
"24742","0.5482306624187105","0.5482306624187105","0.5482306624187105"
"24776","0.326959866693813","0.326959866693813","0.326959866693813"
"24810","0.5435993338954493","0.5435993338954493","0.5435993338954493"
"24844","0.6200656836069243","0.6200656836069243","0.6200656836069243"
"24878","0.49969758795529623","0.49969758795529623","0.49969758795529623"
"24912","0.39978570347635634","0.39978570347635634","0.39978570347635634"
"24946","0.4702401517492361","0.4702401517492361","0.4702401517492361"
"24980","0.5880193941464095","0.5880193941464095","0.5880193941464095"
"25014","0.4247742909370557","0.4247742909370557","0.4247742909370557"
"25048","0.42181451597192604","0.42181451597192604","0.42181451597192604"
"25082","0.5747011639770588","0.5747011639770588","0.5747011639770588"
"25116","0.5161501222273152","0.5161501222273152","0.5161501222273152"
"25150","0.6337457293732486","0.6337457293732486","0.6337457293732486"
"25184","0.4604187562203392","0.4604187562203392","0.4604187562203392"
"25218","0.3798355405272538","0.3798355405272538","0.3798355405272538"
"25252","0.5607801748867521","0.5607801748867521","0.5607801748867521"
"25286","0.5068305079404682","0.5068305079404682","0.5068305079404682"
"25320","0.4430614576511065","0.4430614576511065","0.4430614576511065"
"25354","0.5485987161635748","0.5485987161635748","0.5485987161635748"
"25388","0.40605783993691164","0.40605783993691164","0.40605783993691164"
"25422","0.5840695904183831","0.5840695904183831","0.5840695904183831"
"25456","0.6738376768502587","0.6738376768502587","0.6738376768502587"
"25490","0.49224276843991466","0.49224276843991466","0.49224276843991466"
"25524","0.5429163765820361","0.5429163765820361","0.5429163765820361"
"25558","0.45696416608075086","0.45696416608075086","0.45696416608075086"
"25592","0.5500174004042963","0.5500174004042963","0.5500174004042963"
"25626","0.45554175581688705","0.45554175581688705","0.45554175581688705"
"25660","0.5493572111773576","0.5493572111773576","0.5493572111773576"
"25694","0.43575320468860995","0.43575320468860995","0.43575320468860995"
"25728","0.2810490529499554","0.2810490529499554","0.2810490529499554"
"25762","0.620755390472255","0.620755390472255","0.620755390472255"
"25796","0.4171421437395055","0.4171421437395055","0.4171421437395055"
"25830","0.45926458437226914","0.45926458437226914","0.45926458437226914"
"25864","0.6265627097250284","0.6265627097250284","0.6265627097250284"
"25898","0.3661435736733851","0.3661435736733851","0.3661435736733851"
"25932","0.5577118522879568","0.5577118522879568","0.5577118522879568"
"25966","0.3469495583594293","0.3469495583594293","0.3469495583594293"
"26000","0.4679434469299497","0.4679434469299497","0.4679434469299497"
"26034","0.5573074530164027","0.5573074530164027","0.5573074530164027"
"26068","0.46860421579149647","0.46860421579149647","0.46860421579149647"
"26102","0.5278079337202519","0.5278079337202519","0.5278079337202519"
"26136","0.5109909747162689","0.5109909747162689","0.5109909747162689"
"26170","0.3909441954941217","0.3909441954941217","0.3909441954941217"
"26204","0.5532952407041439","0.5532952407041439","0.5532952407041439"
"26238","0.38718768981745316","0.38718768981745316","0.38718768981745316"
"26272","0.4850679356055747","0.4850679356055747","0.4850679356055747"
"26306","0.6106649913601426","0.6106649913601426","0.6106649913601426"
"26340","0.49697881544763073","0.49697881544763073","0.49697881544763073"
"26374","0.2833263492830862","0.2833263492830862","0.2833263492830862"
"26408","0.6053521893133197","0.6053521893133197","0.6053521893133197"
"26442","0.49847834221016235","0.49847834221016235","0.49847834221016235"
"26476","0.5978178902945278","0.5978178902945278","0.5978178902945278"
"26510","0.47871330253631966","0.47871330253631966","0.47871330253631966"
"26544","0.4212067007789863","0.4212067007789863","0.4212067007789863"
"26578","0.38090352488495194","0.38090352488495194","0.38090352488495194"
"26612","0.5364911053667741","0.5364911053667741","0.5364911053667741"
"26646","0.4779071887540856","0.4779071887540856","0.4779071887540856"
"26680","0.5584645673177652","0.5584645673177652","0.5584645673177652"
"26714","0.4572099694875275","0.4572099694875275","0.4572099694875275"
"26748","0.6374332729363547","0.6374332729363547","0.6374332729363547"
"26782","0.4661195370865583","0.4661195370865583","0.4661195370865583"
"26816","0.41723008876894646","0.41723008876894646","0.41723008876894646"
"26850","0.5742801300143842","0.5742801300143842","0.5742801300143842"
"26884","0.22864162764267779","0.22864162764267779","0.22864162764267779"
"26918","0.3513496783802112","0.3513496783802112","0.3513496783802112"
"26952","0.6211413840487839","0.6211413840487839","0.6211413840487839"
"26986","0.4391405210757198","0.4391405210757198","0.4391405210757198"
"27020","0.5034103711701184","0.5034103711701184","0.5034103711701184"
"27054","0.37879768761391697","0.37879768761391697","0.37879768761391697"
"27088","0.3983693666744326","0.3983693666744326","0.3983693666744326"
"27122","0.40757768523875065","0.40757768523875065","0.40757768523875065"
"27156","0.688463286407743","0.688463286407743","0.688463286407743"
"27190","0.5652130395882923","0.5652130395882923","0.5652130395882923"
"27224","0.2891412819523119","0.2891412819523119","0.2891412819523119"
"27258","0.5849614115632078","0.5849614115632078","0.5849614115632078"
"27292","0.4633906323960799","0.4633906323960799","0.4633906323960799"
"27326","0.5606256520259377","0.5606256520259377","0.5606256520259377"
"27360","0.3827444752253806","0.3827444752253806","0.3827444752253806"
"27394","0.6194074213449493","0.6194074213449493","0.6194074213449493"
"27428","0.5701182534577695","0.5701182534577695","0.5701182534577695"
"27462","0.4289676368586999","0.4289676368586999","0.4289676368586999"
"27496","0.5816702607253178","0.5816702607253178","0.5816702607253178"
"27530","0.6136300060278933","0.6136300060278933","0.6136300060278933"
"27564","0.4955716175068979","0.4955716175068979","0.4955716175068979"
"27598","0.4464397677362288","0.4464397677362288","0.4464397677362288"
"27632","0.4760802170376352","0.4760802170376352","0.4760802170376352"
"27666","0.547224370558576","0.547224370558576","0.547224370558576"
"27700","0.487371701491639","0.487371701491639","0.487371701491639"
"27734","0.5705385662727273","0.5705385662727273","0.5705385662727273"
"27768","0.40130605075615583","0.40130605075615583","0.40130605075615583"
"27802","0.4814795053848255","0.4814795053848255","0.4814795053848255"
"27836","0.5331270731204446","0.5331270731204446","0.5331270731204446"
"27870","0.537002894084547","0.537002894084547","0.537002894084547"
"27904","0.49993360000199516","0.49993360000199516","0.49993360000199516"
"27938","0.5377592561459167","0.5377592561459167","0.5377592561459167"
"27972","0.39081417744421243","0.39081417744421243","0.39081417744421243"
"28006","0.5300063128753759","0.5300063128753759","0.5300063128753759"
"28040","0.5152490800518386","0.5152490800518386","0.5152490800518386"
"28074","0.2911878130827214","0.2911878130827214","0.2911878130827214"
"28108","0.49695059814660253","0.49695059814660253","0.49695059814660253"
"28142","0.5045554104540292","0.5045554104540292","0.5045554104540292"
"28176","0.44724276452895745","0.44724276452895745","0.44724276452895745"
"28210","0.47831824177320215","0.47831824177320215","0.47831824177320215"
"28244","0.4969639181608361","0.4969639181608361","0.4969639181608361"
"28278","0.5556742983135119","0.5556742983135119","0.5556742983135119"
"28312","0.41596356915259564","0.41596356915259564","0.41596356915259564"
"28346","0.460931724521686","0.460931724521686","0.460931724521686"
"28380","0.541769320423719","0.541769320423719","0.541769320423719"
"28414","0.23523264123174603","0.23523264123174603","0.23523264123174603"
"28448","0.37813331927389315","0.37813331927389315","0.37813331927389315"
"28482","0.48565205975413156","0.48565205975413156","0.48565205975413156"
"28516","0.5762366887264564","0.5762366887264564","0.5762366887264564"
"28550","0.30672136522847654","0.30672136522847654","0.30672136522847654"
"28584","0.5557494310476986","0.5557494310476986","0.5557494310476986"
"28618","0.48774069743320814","0.48774069743320814","0.48774069743320814"
"28652","0.5409781096921635","0.5409781096921635","0.5409781096921635"
"28686","0.5852700561063228","0.5852700561063228","0.5852700561063228"
"28720","0.4877432827024987","0.4877432827024987","0.4877432827024987"
"28754","0.4182021169929994","0.4182021169929994","0.4182021169929994"
"28788","0.5444405334117927","0.5444405334117927","0.5444405334117927"
"28822","0.6431555327663251","0.6431555327663251","0.6431555327663251"
"28856","0.6785630917961942","0.6785630917961942","0.6785630917961942"
"28890","0.33755039517656166","0.33755039517656166","0.33755039517656166"
"28924","0.6615204491968008","0.6615204491968008","0.6615204491968008"
"28958","0.465452546440273","0.465452546440273","0.465452546440273"
"28992","0.1897313716403329","0.1897313716403329","0.1897313716403329"
"29026","0.6727095184209544","0.6727095184209544","0.6727095184209544"
"29060","0.5460868772999099","0.5460868772999099","0.5460868772999099"
"29094","0.5157137640694628","0.5157137640694628","0.5157137640694628"
"29128","0.5496987611516153","0.5496987611516153","0.5496987611516153"
"29162","0.6181290718427249","0.6181290718427249","0.6181290718427249"
"29196","0.5061270569529936","0.5061270569529936","0.5061270569529936"
"29230","0.530176476622224","0.530176476622224","0.530176476622224"
"29264","0.44487792748383187","0.44487792748383187","0.44487792748383187"
"29298","0.6588969256694597","0.6588969256694597","0.6588969256694597"
"29332","0.4973712704460522","0.4973712704460522","0.4973712704460522"
"29366","0.47348133260045894","0.47348133260045894","0.47348133260045894"
"29400","0.5453774311668537","0.5453774311668537","0.5453774311668537"
"29434","0.5920883955495972","0.5920883955495972","0.5920883955495972"
"29468","0.5379897974789687","0.5379897974789687","0.5379897974789687"
"29502","0.5610112486625454","0.5610112486625454","0.5610112486625454"
"29536","0.6302236804927812","0.6302236804927812","0.6302236804927812"
"29570","0.6097520170354915","0.6097520170354915","0.6097520170354915"
"29604","0.3992985930868413","0.3992985930868413","0.3992985930868413"
"29638","0.6482225720731893","0.6482225720731893","0.6482225720731893"
"29672","0.6455183259098042","0.6455183259098042","0.6455183259098042"
"29706","0.5297148651086476","0.5297148651086476","0.5297148651086476"
"29740","0.42195759848875963","0.42195759848875963","0.42195759848875963"
"29774","0.3787638958262545","0.3787638958262545","0.3787638958262545"
"29808","0.5022026858171004","0.5022026858171004","0.5022026858171004"
"29842","0.626216719860258","0.626216719860258","0.626216719860258"
"29876","0.5060941131925444","0.5060941131925444","0.5060941131925444"
"29910","0.47579343991802653","0.47579343991802653","0.47579343991802653"
"29944","0.4923075794115541","0.4923075794115541","0.4923075794115541"
"29978","0.6517579857556902","0.6517579857556902","0.6517579857556902"
"30012","0.6401613830926594","0.6401613830926594","0.6401613830926594"
"30046","0.45563731912982197","0.45563731912982197","0.45563731912982197"
"30080","0.5828731278690491","0.5828731278690491","0.5828731278690491"
"30114","0.5198570602142438","0.5198570602142438","0.5198570602142438"
"30148","0.5623317145985062","0.5623317145985062","0.5623317145985062"
"30182","0.4745504874376601","0.4745504874376601","0.4745504874376601"
"30216","0.4420417266690046","0.4420417266690046","0.4420417266690046"
"30250","0.3678664478260451","0.3678664478260451","0.3678664478260451"
"30284","0.42132433000421604","0.42132433000421604","0.42132433000421604"
"30318","0.4920985264980458","0.4920985264980458","0.4920985264980458"
"30352","0.41442134667094166","0.41442134667094166","0.41442134667094166"
"30386","0.3855712705043472","0.3855712705043472","0.3855712705043472"
"30420","0.39076431739088296","0.39076431739088296","0.39076431739088296"
"30454","0.5858450736990487","0.5858450736990487","0.5858450736990487"
"30488","0.6782641892088722","0.6782641892088722","0.6782641892088722"
"30522","0.4844652580284194","0.4844652580284194","0.4844652580284194"
"30556","0.5479724233737032","0.5479724233737032","0.5479724233737032"
"30590","0.5826253586769444","0.5826253586769444","0.5826253586769444"
"30624","0.5427886954348488","0.5427886954348488","0.5427886954348488"
"30658","0.6266773793962516","0.6266773793962516","0.6266773793962516"
"30692","0.46113635196772895","0.46113635196772895","0.46113635196772895"
"30726","0.3901669005958539","0.3901669005958539","0.3901669005958539"
"30760","0.48706203360522765","0.48706203360522765","0.48706203360522765"
"30794","0.469346270537482","0.469346270537482","0.469346270537482"
"30828","0.6037755475124686","0.6037755475124686","0.6037755475124686"
"30862","0.46167609535520465","0.46167609535520465","0.46167609535520465"
"30896","0.5688216467554809","0.5688216467554809","0.5688216467554809"
"30930","0.5856280180011253","0.5856280180011253","0.5856280180011253"
"30964","0.6251173942284852","0.6251173942284852","0.6251173942284852"
"30998","0.5161900521097532","0.5161900521097532","0.5161900521097532"
"31032","0.40905397032032864","0.40905397032032864","0.40905397032032864"
"31066","0.5022003329367608","0.5022003329367608","0.5022003329367608"
"31100","0.5128937499526768","0.5128937499526768","0.5128937499526768"
"31134","0.6433729224026692","0.6433729224026692","0.6433729224026692"
"31168","0.35333779619555133","0.35333779619555133","0.35333779619555133"
"31202","0.33397819513734417","0.33397819513734417","0.33397819513734417"
"31236","0.5461225242939788","0.5461225242939788","0.5461225242939788"
"31270","0.6197700949701581","0.6197700949701581","0.6197700949701581"
"31304","0.5616702400728291","0.5616702400728291","0.5616702400728291"
"31338","0.5073113094517411","0.5073113094517411","0.5073113094517411"
"31372","0.5463560029850024","0.5463560029850024","0.5463560029850024"
"31406","0.42825001362978304","0.42825001362978304","0.42825001362978304"
"31440","0.6590438477879871","0.6590438477879871","0.6590438477879871"
"31474","0.5157673111289015","0.5157673111289015","0.5157673111289015"
"31508","0.46339865261192353","0.46339865261192353","0.46339865261192353"
"31542","0.5956488937718979","0.5956488937718979","0.5956488937718979"
"31576","0.5871235044461938","0.5871235044461938","0.5871235044461938"
"31610","0.5131784676468509","0.5131784676468509","0.5131784676468509"
"31644","0.6188686202205566","0.6188686202205566","0.6188686202205566"
"31678","0.6242510046311983","0.6242510046311983","0.6242510046311983"
"31712","0.49774591252145356","0.49774591252145356","0.49774591252145356"
"31746","0.5264487941866942","0.5264487941866942","0.5264487941866942"
"31780","0.6255837667537016","0.6255837667537016","0.6255837667537016"
"31814","0.5283732526301766","0.5283732526301766","0.5283732526301766"
"31848","0.5362322823832447","0.5362322823832447","0.5362322823832447"
"31882","0.3283698420126225","0.3283698420126225","0.3283698420126225"
"31916","0.4639762439759152","0.4639762439759152","0.4639762439759152"
"31950","0.4202242727242104","0.4202242727242104","0.4202242727242104"
"31984","0.661731743980556","0.661731743980556","0.661731743980556"
"32018","0.4358912557701844","0.4358912557701844","0.4358912557701844"
"32052","0.5588586735615152","0.5588586735615152","0.5588586735615152"
"32086","0.5266726497781192","0.5266726497781192","0.5266726497781192"
"32120","0.41807879699650313","0.41807879699650313","0.41807879699650313"
"32154","0.5938835023623311","0.5938835023623311","0.5938835023623311"
"32188","0.5718554576437831","0.5718554576437831","0.5718554576437831"
"32222","0.5966752946674636","0.5966752946674636","0.5966752946674636"
"32256","0.4991158210129803","0.4991158210129803","0.4991158210129803"
"32290","0.4599771801168428","0.4599771801168428","0.4599771801168428"
"32324","0.4447679365837372","0.4447679365837372","0.4447679365837372"
"32358","0.5668250180786532","0.5668250180786532","0.5668250180786532"
"32392","0.4543511615027818","0.4543511615027818","0.4543511615027818"
"32426","0.4914926322084767","0.4914926322084767","0.4914926322084767"
"32460","0.550139405455629","0.550139405455629","0.550139405455629"
"32494","0.657825621453457","0.657825621453457","0.657825621453457"
"32528","0.515325885982402","0.515325885982402","0.515325885982402"
"32562","0.5407799705649574","0.5407799705649574","0.5407799705649574"
"32596","0.371494783136009","0.371494783136009","0.371494783136009"
"32630","0.5912015324997236","0.5912015324997236","0.5912015324997236"
"32664","0.4174560040875697","0.4174560040875697","0.4174560040875697"
"32698","0.5368877697189856","0.5368877697189856","0.5368877697189856"
"32732","0.5626810242060641","0.5626810242060641","0.5626810242060641"
"32766","0.5606765376212494","0.5606765376212494","0.5606765376212494"
"32800","0.5469740966533436","0.5469740966533436","0.5469740966533436"
"32834","0.5416158416277299","0.5416158416277299","0.5416158416277299"
"32868","0.4795274945278445","0.4795274945278445","0.4795274945278445"
"32902","0.5942443286322876","0.5942443286322876","0.5942443286322876"
"32936","0.5017047028569307","0.5017047028569307","0.5017047028569307"
"32970","0.3553212242685399","0.3553212242685399","0.3553212242685399"
"33004","0.7585321598834986","0.7585321598834986","0.7585321598834986"
"33038","0.4619039543505134","0.4619039543505134","0.4619039543505134"
"33072","0.514861340729906","0.514861340729906","0.514861340729906"
"33106","0.48293930222603576","0.48293930222603576","0.48293930222603576"
"33140","0.40669242191304805","0.40669242191304805","0.40669242191304805"
"33174","0.4832057404607899","0.4832057404607899","0.4832057404607899"
"33208","0.3546325905468454","0.3546325905468454","0.3546325905468454"
"33242","0.5205805325341638","0.5205805325341638","0.5205805325341638"
"33276","0.37910382976594287","0.37910382976594287","0.37910382976594287"
"33310","0.5895118722727825","0.5895118722727825","0.5895118722727825"
"33344","0.4766302726224378","0.4766302726224378","0.4766302726224378"
"33378","0.5482383527160287","0.5482383527160287","0.5482383527160287"
"33412","0.6435897821958356","0.6435897821958356","0.6435897821958356"
"33446","0.6886450458163186","0.6886450458163186","0.6886450458163186"
"33480","0.37843103342745926","0.37843103342745926","0.37843103342745926"
"33514","0.6112268468220519","0.6112268468220519","0.6112268468220519"
"33548","0.5594410757069748","0.5594410757069748","0.5594410757069748"
"33582","0.5102201960873683","0.5102201960873683","0.5102201960873683"
"33616","0.6948299227093043","0.6948299227093043","0.6948299227093043"
"33650","0.5828080079999048","0.5828080079999048","0.5828080079999048"
"33684","0.5748459949537481","0.5748459949537481","0.5748459949537481"
"33718","0.6768369257667445","0.6768369257667445","0.6768369257667445"
"33752","0.53204160181302","0.53204160181302","0.53204160181302"
"33786","0.559303973478698","0.559303973478698","0.559303973478698"
"33820","0.4741946414602616","0.4741946414602616","0.4741946414602616"
"33854","0.5465177898887764","0.5465177898887764","0.5465177898887764"
"33888","0.27592688239127994","0.27592688239127994","0.27592688239127994"
"33922","0.616222332651001","0.616222332651001","0.616222332651001"
"33956","0.40231948338841933","0.40231948338841933","0.40231948338841933"
"33990","0.5221355277923544","0.5221355277923544","0.5221355277923544"