"Step","run_1k_episodes_mstep30 - episode_loss","run_1k_episodes_mstep30 - episode_loss__MIN","run_1k_episodes_mstep30 - episode_loss__MAX"
"159","0.009223110042512417","0.009223110042512417","0.009223110042512417"
"193","0.0051642535254359245","0.0051642535254359245","0.0051642535254359245"
"227","0.008501358330249786","0.008501358330249786","0.008501358330249786"
"261","0.005890634376555681","0.005890634376555681","0.005890634376555681"
"295","0.0047670453786849976","0.0047670453786849976","0.0047670453786849976"
"329","0.0036567142233252525","0.0036567142233252525","0.0036567142233252525"
"363","0.006181830540299416","0.006181830540299416","0.006181830540299416"
"397","0.004560274537652731","0.004560274537652731","0.004560274537652731"
"431","0.004527845070697367","0.004527845070697367","0.004527845070697367"
"465","0.00408830214291811","0.00408830214291811","0.00408830214291811"
"499","0.004454628913663328","0.004454628913663328","0.004454628913663328"
"533","0.0037349658086895943","0.0037349658086895943","0.0037349658086895943"
"567","0.0034385448088869452","0.0034385448088869452","0.0034385448088869452"
"601","0.004010146018117666","0.004010146018117666","0.004010146018117666"
"635","0.003665399504825473","0.003665399504825473","0.003665399504825473"
"669","0.0040182555094361305","0.0040182555094361305","0.0040182555094361305"
"703","0.0026583729777485132","0.0026583729777485132","0.0026583729777485132"
"737","0.002076678443700075","0.002076678443700075","0.002076678443700075"
"771","0.0020752893178723752","0.0020752893178723752","0.0020752893178723752"
"805","0.002488426398485899","0.002488426398485899","0.002488426398485899"
"839","0.0018398238462395966","0.0018398238462395966","0.0018398238462395966"
"873","0.0021392195485532284","0.0021392195485532284","0.0021392195485532284"
"907","0.0016299461713060737","0.0016299461713060737","0.0016299461713060737"
"941","0.0019694562070071697","0.0019694562070071697","0.0019694562070071697"
"975","0.0016089864657260478","0.0016089864657260478","0.0016089864657260478"
"1009","0.0018850911874324083","0.0018850911874324083","0.0018850911874324083"
"1043","0.0017567616305314004","0.0017567616305314004","0.0017567616305314004"
"1077","0.0012372415512800217","0.0012372415512800217","0.0012372415512800217"
"1111","0.001497963210567832","0.001497963210567832","0.001497963210567832"
"1145","0.0017821162473410368","0.0017821162473410368","0.0017821162473410368"
"1179","0.0016488009132444859","0.0016488009132444859","0.0016488009132444859"
"1213","0.0015110592357814312","0.0015110592357814312","0.0015110592357814312"
"1247","0.0011946797312702984","0.0011946797312702984","0.0011946797312702984"
"1281","0.0013570694718509912","0.0013570694718509912","0.0013570694718509912"
"1315","0.0008580565918236971","0.0008580565918236971","0.0008580565918236971"
"1349","0.0015998238231986761","0.0015998238231986761","0.0015998238231986761"
"1383","0.0010228698374703526","0.0010228698374703526","0.0010228698374703526"
"1417","0.001490930444560945","0.001490930444560945","0.001490930444560945"
"1451","0.001325183839071542","0.001325183839071542","0.001325183839071542"
"1485","0.001116241910494864","0.001116241910494864","0.001116241910494864"
"1519","0.0012541134492494166","0.0012541134492494166","0.0012541134492494166"
"1553","0.0013373550027608871","0.0013373550027608871","0.0013373550027608871"
"1587","0.0010522392112761736","0.0010522392112761736","0.0010522392112761736"
"1621","0.0007295226096175611","0.0007295226096175611","0.0007295226096175611"
"1655","0.0016789642395451665","0.0016789642395451665","0.0016789642395451665"
"1689","0.0008278771420009434","0.0008278771420009434","0.0008278771420009434"
"1723","0.0007806487556081265","0.0007806487556081265","0.0007806487556081265"
"1757","0.0012206597020849586","0.0012206597020849586","0.0012206597020849586"
"1791","0.0009123493800871074","0.0009123493800871074","0.0009123493800871074"
"1825","0.001176719437353313","0.001176719437353313","0.001176719437353313"
"1859","0.0008148036431521177","0.0008148036431521177","0.0008148036431521177"
"1893","0.0004926214460283518","0.0004926214460283518","0.0004926214460283518"
"1927","0.0009080171294044703","0.0009080171294044703","0.0009080171294044703"
"1961","0.00039493999793194234","0.00039493999793194234","0.00039493999793194234"
"1995","0.000970449618762359","0.000970449618762359","0.000970449618762359"
"2029","0.0005325666861608624","0.0005325666861608624","0.0005325666861608624"
"2063","0.0006142020574770868","0.0006142020574770868","0.0006142020574770868"
"2097","0.0006059656152501702","0.0006059656152501702","0.0006059656152501702"
"2131","0.0005020997341489419","0.0005020997341489419","0.0005020997341489419"
"2165","0.000652196176815778","0.000652196176815778","0.000652196176815778"
"2199","0.000891823583515361","0.000891823583515361","0.000891823583515361"
"2233","0.0007351256208494306","0.0007351256208494306","0.0007351256208494306"
"2267","0.0005950051127001643","0.0005950051127001643","0.0005950051127001643"
"2301","0.0006061355234123766","0.0006061355234123766","0.0006061355234123766"
"2335","0.0007802087347954512","0.0007802087347954512","0.0007802087347954512"
"2369","0.0008392242016270757","0.0008392242016270757","0.0008392242016270757"
"2403","0.0006973084527999163","0.0006973084527999163","0.0006973084527999163"
"2437","0.0006857727421447635","0.0006857727421447635","0.0006857727421447635"
"2471","0.000644325977191329","0.000644325977191329","0.000644325977191329"
"2505","0.0007073568995110691","0.0007073568995110691","0.0007073568995110691"
"2539","0.0008781561336945742","0.0008781561336945742","0.0008781561336945742"
"2573","0.0006149187684059143","0.0006149187684059143","0.0006149187684059143"
"2607","0.00044087062997277826","0.00044087062997277826","0.00044087062997277826"
"2641","0.0003913076943717897","0.0003913076943717897","0.0003913076943717897"
"2675","0.0005363768723327667","0.0005363768723327667","0.0005363768723327667"
"2709","0.0005461378023028374","0.0005461378023028374","0.0005461378023028374"
"2743","0.00034917979792226106","0.00034917979792226106","0.00034917979792226106"
"2777","0.0006814894150011241","0.0006814894150011241","0.0006814894150011241"
"2811","0.0006835480162408203","0.0006835480162408203","0.0006835480162408203"
"2845","0.0004326634225435555","0.0004326634225435555","0.0004326634225435555"
"2879","0.0008480034884996712","0.0008480034884996712","0.0008480034884996712"
"2913","0.0003511589311528951","0.0003511589311528951","0.0003511589311528951"
"2947","0.0006962773331906646","0.0006962773331906646","0.0006962773331906646"
"2981","0.0012464583851397038","0.0012464583851397038","0.0012464583851397038"
"3015","0.000640357204247266","0.000640357204247266","0.000640357204247266"
"3049","0.0005048498278483748","0.0005048498278483748","0.0005048498278483748"
"3083","0.00047627586172893643","0.00047627586172893643","0.00047627586172893643"
"3117","0.0005400495720095932","0.0005400495720095932","0.0005400495720095932"
"3151","0.0005296689632814378","0.0005296689632814378","0.0005296689632814378"
"3185","0.0003392098587937653","0.0003392098587937653","0.0003392098587937653"
"3219","0.0006087262008804828","0.0006087262008804828","0.0006087262008804828"
"3253","0.0005984912859275937","0.0005984912859275937","0.0005984912859275937"
"3287","0.0004597314400598407","0.0004597314400598407","0.0004597314400598407"
"3321","0.00045106542529538274","0.00045106542529538274","0.00045106542529538274"
"3355","0.00041579654498491436","0.00041579654498491436","0.00041579654498491436"
"3389","0.00033710343996062875","0.00033710343996062875","0.00033710343996062875"
"3423","0.0006088122609071434","0.0006088122609071434","0.0006088122609071434"
"3457","0.0006364619475789368","0.0006364619475789368","0.0006364619475789368"
"3491","0.00045165362826082855","0.00045165362826082855","0.00045165362826082855"
"3525","0.0006970163667574525","0.0006970163667574525","0.0006970163667574525"
"3559","0.0006554565625265241","0.0006554565625265241","0.0006554565625265241"
"3593","0.0006053734105080366","0.0006053734105080366","0.0006053734105080366"
"3627","0.000592316166148521","0.000592316166148521","0.000592316166148521"
"3661","0.0004821594338864088","0.0004821594338864088","0.0004821594338864088"
"3695","0.0006292153557296842","0.0006292153557296842","0.0006292153557296842"
"3729","0.0006881235167384148","0.0006881235167384148","0.0006881235167384148"
"3763","0.00043598373304121196","0.00043598373304121196","0.00043598373304121196"
"3797","0.0007667904137633741","0.0007667904137633741","0.0007667904137633741"
"3831","0.00039278194890357554","0.00039278194890357554","0.00039278194890357554"
"3865","0.0005280479090288281","0.0005280479090288281","0.0005280479090288281"
"3899","0.0004386379514471628","0.0004386379514471628","0.0004386379514471628"
"3933","0.0003310004249215126","0.0003310004249215126","0.0003310004249215126"
"3967","0.0004145613347645849","0.0004145613347645849","0.0004145613347645849"
"4001","0.0003218232304789126","0.0003218232304789126","0.0003218232304789126"
"4035","0.0005144001333974302","0.0005144001333974302","0.0005144001333974302"
"4069","0.000551559089217335","0.000551559089217335","0.000551559089217335"
"4103","0.0007791868702042848","0.0007791868702042848","0.0007791868702042848"
"4137","0.00036134550464339554","0.00036134550464339554","0.00036134550464339554"
"4171","0.00038954497722443193","0.00038954497722443193","0.00038954497722443193"
"4205","0.0006022804882377386","0.0006022804882377386","0.0006022804882377386"
"4239","0.0003213959571439773","0.0003213959571439773","0.0003213959571439773"
"4273","0.000389985041692853","0.000389985041692853","0.000389985041692853"
"4307","0.00041408919787500054","0.00041408919787500054","0.00041408919787500054"
"4341","0.0004720287979580462","0.0004720287979580462","0.0004720287979580462"
"4375","0.0004459089832380414","0.0004459089832380414","0.0004459089832380414"
"4409","0.00020678169676102698","0.00020678169676102698","0.00020678169676102698"
"4443","0.00041198430699296296","0.00041198430699296296","0.00041198430699296296"
"4477","0.00039620365714654326","0.00039620365714654326","0.00039620365714654326"
"4511","0.0002551678189774975","0.0002551678189774975","0.0002551678189774975"
"4545","0.00014605805336032063","0.00014605805336032063","0.00014605805336032063"
"4579","0.00025412291870452464","0.00025412291870452464","0.00025412291870452464"
"4613","0.0002956377575173974","0.0002956377575173974","0.0002956377575173974"
"4647","0.00039506738539785147","0.00039506738539785147","0.00039506738539785147"
"4681","0.0002742096548900008","0.0002742096548900008","0.0002742096548900008"
"4715","0.0004376132565084845","0.0004376132565084845","0.0004376132565084845"
"4749","0.0004782648175023496","0.0004782648175023496","0.0004782648175023496"
"4783","0.0007574428746011108","0.0007574428746011108","0.0007574428746011108"
"4817","0.0003614335728343576","0.0003614335728343576","0.0003614335728343576"
"4851","0.00039820246456656605","0.00039820246456656605","0.00039820246456656605"
"4885","0.00022117650951258838","0.00022117650951258838","0.00022117650951258838"
"4919","0.00041369728569407016","0.00041369728569407016","0.00041369728569407016"
"4953","0.0004960611695423722","0.0004960611695423722","0.0004960611695423722"
"4987","0.00036061584251001477","0.00036061584251001477","0.00036061584251001477"
"5021","0.0003002623561769724","0.0003002623561769724","0.0003002623561769724"
"5055","0.0003280216333223507","0.0003280216333223507","0.0003280216333223507"
"5089","0.00029798937612213194","0.00029798937612213194","0.00029798937612213194"
"5123","0.0005701981135644019","0.0005701981135644019","0.0005701981135644019"
"5157","0.0003472333773970604","0.0003472333773970604","0.0003472333773970604"
"5191","0.00034417516144458205","0.00034417516144458205","0.00034417516144458205"
"5225","0.0004446942766662687","0.0004446942766662687","0.0004446942766662687"
"5259","0.0003462983586359769","0.0003462983586359769","0.0003462983586359769"
"5293","0.0003564839134924114","0.0003564839134924114","0.0003564839134924114"
"5327","0.0004954625619575381","0.0004954625619575381","0.0004954625619575381"
"5361","0.00019171548774465919","0.00019171548774465919","0.00019171548774465919"
"5395","0.0006225853867363185","0.0006225853867363185","0.0006225853867363185"
"5429","0.0006934237899258733","0.0006934237899258733","0.0006934237899258733"
"5463","0.0004108556022401899","0.0004108556022401899","0.0004108556022401899"
"5497","0.0005748625844717026","0.0005748625844717026","0.0005748625844717026"
"5531","0.0006354365759762004","0.0006354365759762004","0.0006354365759762004"
"5565","0.0005782363004982471","0.0005782363004982471","0.0005782363004982471"
"5599","0.00037621190131176263","0.00037621190131176263","0.00037621190131176263"
"5633","0.00028536602621898055","0.00028536602621898055","0.00028536602621898055"
"5667","0.0002967733016703278","0.0002967733016703278","0.0002967733016703278"
"5701","0.00038070359732955694","0.00038070359732955694","0.00038070359732955694"
"5735","0.00026825103850569576","0.00026825103850569576","0.00026825103850569576"
"5769","0.0004983911057934165","0.0004983911057934165","0.0004983911057934165"
"5803","0.0004339379956945777","0.0004339379956945777","0.0004339379956945777"
"5837","0.0002902911219280213","0.0002902911219280213","0.0002902911219280213"
"5871","0.0003053633408853784","0.0003053633408853784","0.0003053633408853784"
"5905","0.0006018001586198807","0.0006018001586198807","0.0006018001586198807"
"5939","0.00034099114418495446","0.00034099114418495446","0.00034099114418495446"
"5973","0.0005138550186529756","0.0005138550186529756","0.0005138550186529756"
"6007","0.0005930260813329369","0.0005930260813329369","0.0005930260813329369"
"6041","0.0003134898142889142","0.0003134898142889142","0.0003134898142889142"
"6075","0.0003500433813314885","0.0003500433813314885","0.0003500433813314885"
"6109","0.00034351341309957206","0.00034351341309957206","0.00034351341309957206"
"6143","0.000684177502989769","0.000684177502989769","0.000684177502989769"
"6177","0.000447876809630543","0.000447876809630543","0.000447876809630543"
"6211","0.00038066436536610126","0.00038066436536610126","0.00038066436536610126"
"6245","0.0005115547683089972","0.0005115547683089972","0.0005115547683089972"
"6279","0.0003065759956371039","0.0003065759956371039","0.0003065759956371039"
"6313","0.0004039956838823855","0.0004039956838823855","0.0004039956838823855"
"6347","0.0003231425944250077","0.0003231425944250077","0.0003231425944250077"
"6381","0.0003165697562508285","0.0003165697562508285","0.0003165697562508285"
"6415","0.0003256002673879266","0.0003256002673879266","0.0003256002673879266"
"6449","0.00039348751306533813","0.00039348751306533813","0.00039348751306533813"
"6483","0.00031402549939230084","0.00031402549939230084","0.00031402549939230084"
"6517","0.0004487214609980583","0.0004487214609980583","0.0004487214609980583"
"6551","0.0002982807927764952","0.0002982807927764952","0.0002982807927764952"
"6585","0.00034221343230456114","0.00034221343230456114","0.00034221343230456114"
"6619","0.0002725110243773088","0.0002725110243773088","0.0002725110243773088"
"6653","0.00032151557388715446","0.00032151557388715446","0.00032151557388715446"
"6687","0.00021523287432501093","0.00021523287432501093","0.00021523287432501093"
"6721","0.00032714748522266746","0.00032714748522266746","0.00032714748522266746"
"6755","0.00037660892121493816","0.00037660892121493816","0.00037660892121493816"
"6789","0.00024345782003365457","0.00024345782003365457","0.00024345782003365457"
"6823","0.0003057468420593068","0.0003057468420593068","0.0003057468420593068"
"6857","0.0006089790840633214","0.0006089790840633214","0.0006089790840633214"
"6891","0.00047591052134521306","0.00047591052134521306","0.00047591052134521306"
"6925","0.0005923330900259316","0.0005923330900259316","0.0005923330900259316"
"6959","0.0005244692147243768","0.0005244692147243768","0.0005244692147243768"
"6993","0.00018493518291506916","0.00018493518291506916","0.00018493518291506916"
"7027","0.00037656311178579926","0.00037656311178579926","0.00037656311178579926"
"7061","0.0006527513614855707","0.0006527513614855707","0.0006527513614855707"
"7095","0.000333207513904199","0.000333207513904199","0.000333207513904199"
"7129","0.00048354017781093717","0.00048354017781093717","0.00048354017781093717"
"7163","0.0003976762527599931","0.0003976762527599931","0.0003976762527599931"
"7197","0.0002898327657021582","0.0002898327657021582","0.0002898327657021582"
"7231","0.0002108897315338254","0.0002108897315338254","0.0002108897315338254"
"7265","0.0005681304610334337","0.0005681304610334337","0.0005681304610334337"
"7299","0.0003912079700967297","0.0003912079700967297","0.0003912079700967297"
"7333","0.0003845708561129868","0.0003845708561129868","0.0003845708561129868"
"7367","0.0005408077558968216","0.0005408077558968216","0.0005408077558968216"
"7401","0.0004876164603047073","0.0004876164603047073","0.0004876164603047073"
"7435","0.00033467197499703616","0.00033467197499703616","0.00033467197499703616"
"7469","0.0004104106919839978","0.0004104106919839978","0.0004104106919839978"
"7503","0.00022798801364842802","0.00022798801364842802","0.00022798801364842802"
"7537","0.00034774618688970804","0.00034774618688970804","0.00034774618688970804"
"7571","0.0004624261782737449","0.0004624261782737449","0.0004624261782737449"
"7605","0.0003099424939136952","0.0003099424939136952","0.0003099424939136952"
"7639","0.0004857610911130905","0.0004857610911130905","0.0004857610911130905"
"7673","0.0003751417389139533","0.0003751417389139533","0.0003751417389139533"
"7707","0.0002519848494557664","0.0002519848494557664","0.0002519848494557664"
"7741","0.0004868539690505713","0.0004868539690505713","0.0004868539690505713"
"7775","0.00036429468309506774","0.00036429468309506774","0.00036429468309506774"
"7809","0.00023122000857256353","0.00023122000857256353","0.00023122000857256353"
"7843","0.0006255636690184474","0.0006255636690184474","0.0006255636690184474"
"7877","0.0004916773759759963","0.0004916773759759963","0.0004916773759759963"
"7911","0.0005464318601298146","0.0005464318601298146","0.0005464318601298146"
"7945","0.0003562105994205922","0.0003562105994205922","0.0003562105994205922"
"7979","0.0002263416099594906","0.0002263416099594906","0.0002263416099594906"
"8013","0.0008114965166896582","0.0008114965166896582","0.0008114965166896582"
"8047","0.0003724237176356837","0.0003724237176356837","0.0003724237176356837"
"8081","0.0005516435485333204","0.0005516435485333204","0.0005516435485333204"
"8115","0.0005130477657075971","0.0005130477657075971","0.0005130477657075971"
"8149","0.00036360585363581777","0.00036360585363581777","0.00036360585363581777"
"8183","0.0003171892531099729","0.0003171892531099729","0.0003171892531099729"
"8217","0.0004008181276731193","0.0004008181276731193","0.0004008181276731193"
"8251","0.0002798867062665522","0.0002798867062665522","0.0002798867062665522"
"8285","0.00022525506210513413","0.00022525506210513413","0.00022525506210513413"
"8319","0.0003288724401500076","0.0003288724401500076","0.0003288724401500076"
"8353","0.0003832098445855081","0.0003832098445855081","0.0003832098445855081"
"8387","0.0003684047405840829","0.0003684047405840829","0.0003684047405840829"
"8421","0.000596412573941052","0.000596412573941052","0.000596412573941052"
"8455","0.0003925892378902063","0.0003925892378902063","0.0003925892378902063"
"8489","0.0005690829711966217","0.0005690829711966217","0.0005690829711966217"
"8523","0.0005257815500954166","0.0005257815500954166","0.0005257815500954166"
"8557","0.0004038090701214969","0.0004038090701214969","0.0004038090701214969"
"8591","0.0003113688435405493","0.0003113688435405493","0.0003113688435405493"
"8625","0.0002582284505479038","0.0002582284505479038","0.0002582284505479038"
"8659","0.0005665613862220198","0.0005665613862220198","0.0005665613862220198"
"8693","0.0003405035240575671","0.0003405035240575671","0.0003405035240575671"
"8727","0.00038797190063633025","0.00038797190063633025","0.00038797190063633025"
"8761","0.000739530602004379","0.000739530602004379","0.000739530602004379"
"8795","0.0004947476700181141","0.0004947476700181141","0.0004947476700181141"
"8829","0.0004415951552800834","0.0004415951552800834","0.0004415951552800834"
"8863","0.0004820148315047845","0.0004820148315047845","0.0004820148315047845"
"8897","0.0007403141353279352","0.0007403141353279352","0.0007403141353279352"
"8931","0.0005236240103840828","0.0005236240103840828","0.0005236240103840828"
"8965","0.00028143677627667785","0.00028143677627667785","0.00028143677627667785"
"8999","0.00044689887727145106","0.00044689887727145106","0.00044689887727145106"
"9033","0.00047271550283767283","0.00047271550283767283","0.00047271550283767283"
"9067","0.00029000078211538494","0.00029000078211538494","0.00029000078211538494"
"9101","0.000269199488684535","0.000269199488684535","0.000269199488684535"
"9135","0.0004640742263291031","0.0004640742263291031","0.0004640742263291031"
"9169","0.0004476805916056037","0.0004476805916056037","0.0004476805916056037"
"9203","0.00053087790729478","0.00053087790729478","0.00053087790729478"
"9237","0.0006252219900488853","0.0006252219900488853","0.0006252219900488853"
"9271","0.00031559180933982134","0.00031559180933982134","0.00031559180933982134"
"9305","0.0006273315520957112","0.0006273315520957112","0.0006273315520957112"
"9339","0.00040727849409449846","0.00040727849409449846","0.00040727849409449846"
"9373","0.0004626247100532055","0.0004626247100532055","0.0004626247100532055"
"9407","0.00037096903542988","0.00037096903542988","0.00037096903542988"
"9441","0.0005391982267610729","0.0005391982267610729","0.0005391982267610729"
"9475","0.0004668923793360591","0.0004668923793360591","0.0004668923793360591"
"9509","0.00035481894155964255","0.00035481894155964255","0.00035481894155964255"
"9543","0.0006369888142216951","0.0006369888142216951","0.0006369888142216951"
"9577","0.0005591099616140127","0.0005591099616140127","0.0005591099616140127"
"9611","0.000516260537551716","0.000516260537551716","0.000516260537551716"
"9645","0.00039623535121791065","0.00039623535121791065","0.00039623535121791065"
"9679","0.0004094934556633234","0.0004094934556633234","0.0004094934556633234"
"9713","0.0005500474944710732","0.0005500474944710732","0.0005500474944710732"
"9747","0.00041778791637625545","0.00041778791637625545","0.00041778791637625545"
"9781","0.00030791692552156746","0.00030791692552156746","0.00030791692552156746"
"9815","0.00039948694757185876","0.00039948694757185876","0.00039948694757185876"
"9849","0.0004668532346840948","0.0004668532346840948","0.0004668532346840948"
"9883","0.0004212714411551133","0.0004212714411551133","0.0004212714411551133"
"9917","0.0008180491277016699","0.0008180491277016699","0.0008180491277016699"
"9951","0.00029434561292873695","0.00029434561292873695","0.00029434561292873695"
"9985","0.001095946179702878","0.001095946179702878","0.001095946179702878"
"10019","0.00048271651030518115","0.00048271651030518115","0.00048271651030518115"
"10053","0.0006496685091406107","0.0006496685091406107","0.0006496685091406107"
"10087","0.0006184162921272218","0.0006184162921272218","0.0006184162921272218"
"10121","0.0003702754038386047","0.0003702754038386047","0.0003702754038386047"
"10155","0.0004494244494708255","0.0004494244494708255","0.0004494244494708255"
"10189","0.0008393713505938649","0.0008393713505938649","0.0008393713505938649"
"10223","0.0006528595113195479","0.0006528595113195479","0.0006528595113195479"
"10257","0.0010076126782223582","0.0010076126782223582","0.0010076126782223582"
"10291","0.0003595407761167735","0.0003595407761167735","0.0003595407761167735"
"10325","0.0010100101353600621","0.0010100101353600621","0.0010100101353600621"
"10359","0.0004529012512648478","0.0004529012512648478","0.0004529012512648478"
"10393","0.00043513879063539207","0.00043513879063539207","0.00043513879063539207"
"10427","0.0004028058465337381","0.0004028058465337381","0.0004028058465337381"
"10461","0.0004335983539931476","0.0004335983539931476","0.0004335983539931476"
"10495","0.000865069916471839","0.000865069916471839","0.000865069916471839"
"10529","0.0011189824435859919","0.0011189824435859919","0.0011189824435859919"
"10563","0.0004644847067538649","0.0004644847067538649","0.0004644847067538649"
"10597","0.00032132735941559076","0.00032132735941559076","0.00032132735941559076"
"10631","0.0006415524694602937","0.0006415524694602937","0.0006415524694602937"
"10665","0.00041449611308053136","0.00041449611308053136","0.00041449611308053136"
"10699","0.00043274497147649527","0.00043274497147649527","0.00043274497147649527"
"10733","0.00040722612175159156","0.00040722612175159156","0.00040722612175159156"
"10767","0.0006700851663481444","0.0006700851663481444","0.0006700851663481444"
"10801","0.0005130255594849586","0.0005130255594849586","0.0005130255594849586"
"10835","0.000465525416075252","0.000465525416075252","0.000465525416075252"
"10869","0.0005337706534191966","0.0005337706534191966","0.0005337706534191966"
"10903","0.0010543031385168433","0.0010543031385168433","0.0010543031385168433"
"10937","0.0005190108786337078","0.0005190108786337078","0.0005190108786337078"
"10971","0.0005180248990654945","0.0005180248990654945","0.0005180248990654945"
"11005","0.0005484360153786838","0.0005484360153786838","0.0005484360153786838"
"11039","0.0006784307770431042","0.0006784307770431042","0.0006784307770431042"
"11073","0.000642331491690129","0.000642331491690129","0.000642331491690129"
"11107","0.00058185905800201","0.00058185905800201","0.00058185905800201"
"11141","0.000491371494717896","0.000491371494717896","0.000491371494717896"
"11175","0.00044888707634527236","0.00044888707634527236","0.00044888707634527236"
"11209","0.0010004111099988222","0.0010004111099988222","0.0010004111099988222"
"11243","0.00045728999248240143","0.00045728999248240143","0.00045728999248240143"
"11277","0.0010146700078621507","0.0010146700078621507","0.0010146700078621507"
"11311","0.000812768004834652","0.000812768004834652","0.000812768004834652"
"11345","0.0005006733117625117","0.0005006733117625117","0.0005006733117625117"
"11379","0.0008106761961244047","0.0008106761961244047","0.0008106761961244047"
"11413","0.0007487175753340125","0.0007487175753340125","0.0007487175753340125"
"11447","0.000566593196708709","0.000566593196708709","0.000566593196708709"
"11481","0.0015598133904859424","0.0015598133904859424","0.0015598133904859424"
"11515","0.0006842632428742945","0.0006842632428742945","0.0006842632428742945"
"11549","0.00045943271834403276","0.00045943271834403276","0.00045943271834403276"
"11583","0.0006864404713269323","0.0006864404713269323","0.0006864404713269323"
"11617","0.0004892106517218053","0.0004892106517218053","0.0004892106517218053"
"11651","0.0006784395955037326","0.0006784395955037326","0.0006784395955037326"
"11685","0.0005791732110083103","0.0005791732110083103","0.0005791732110083103"
"11719","0.0004373597330413759","0.0004373597330413759","0.0004373597330413759"
"11753","0.00041314668487757444","0.00041314668487757444","0.00041314668487757444"
"11787","0.0006221391959115863","0.0006221391959115863","0.0006221391959115863"
"11821","0.0005140075809322298","0.0005140075809322298","0.0005140075809322298"
"11855","0.0006249774887692183","0.0006249774887692183","0.0006249774887692183"
"11889","0.0006086655193939805","0.0006086655193939805","0.0006086655193939805"
"11923","0.0007163105765357614","0.0007163105765357614","0.0007163105765357614"
"11957","0.0008929235627874732","0.0008929235627874732","0.0008929235627874732"
"11991","0.0004033959558000788","0.0004033959558000788","0.0004033959558000788"
"12025","0.0004558695654850453","0.0004558695654850453","0.0004558695654850453"
"12059","0.0012179025216028094","0.0012179025216028094","0.0012179025216028094"
"12093","0.0004149151500314474","0.0004149151500314474","0.0004149151500314474"
"12127","0.0004905918322037905","0.0004905918322037905","0.0004905918322037905"
"12161","0.001317265909165144","0.001317265909165144","0.001317265909165144"
"12195","0.0005913285713177174","0.0005913285713177174","0.0005913285713177174"
"12229","0.0007546705892309546","0.0007546705892309546","0.0007546705892309546"
"12263","0.0008013192273210734","0.0008013192273210734","0.0008013192273210734"
"12297","0.000809443648904562","0.000809443648904562","0.000809443648904562"
"12331","0.0005499693797901273","0.0005499693797901273","0.0005499693797901273"
"12365","0.0006879983120597899","0.0006879983120597899","0.0006879983120597899"
"12399","0.0007502219814341515","0.0007502219814341515","0.0007502219814341515"
"12433","0.0003723568806890398","0.0003723568806890398","0.0003723568806890398"
"12467","0.000920960505027324","0.000920960505027324","0.000920960505027324"
"12501","0.000390745815820992","0.000390745815820992","0.000390745815820992"
"12535","0.0005423641996458173","0.0005423641996458173","0.0005423641996458173"
"12569","0.0010363609762862325","0.0010363609762862325","0.0010363609762862325"
"12603","0.0010405433713458478","0.0010405433713458478","0.0010405433713458478"
"12637","0.0004931485163979232","0.0004931485163979232","0.0004931485163979232"
"12671","0.0007633064524270594","0.0007633064524270594","0.0007633064524270594"
"12705","0.0006259498186409473","0.0006259498186409473","0.0006259498186409473"
"12739","0.0005430842575151473","0.0005430842575151473","0.0005430842575151473"
"12773","0.0005892983172088861","0.0005892983172088861","0.0005892983172088861"
"12807","0.0007849390822229907","0.0007849390822229907","0.0007849390822229907"
"12841","0.0006302357069216669","0.0006302357069216669","0.0006302357069216669"
"12875","0.0002939598271041177","0.0002939598271041177","0.0002939598271041177"
"12909","0.0011713268468156457","0.0011713268468156457","0.0011713268468156457"
"12943","0.0009423389565199614","0.0009423389565199614","0.0009423389565199614"
"12977","0.00118775456212461","0.00118775456212461","0.00118775456212461"
"13011","0.0006749843887519091","0.0006749843887519091","0.0006749843887519091"
"13045","0.0007851070840843022","0.0007851070840843022","0.0007851070840843022"
"13079","0.0005327962426235899","0.0005327962426235899","0.0005327962426235899"
"13113","0.0011035281931981444","0.0011035281931981444","0.0011035281931981444"
"13147","0.00037907664955127984","0.00037907664955127984","0.00037907664955127984"
"13181","0.0003582517383620143","0.0003582517383620143","0.0003582517383620143"
"13215","0.0008930467156460509","0.0008930467156460509","0.0008930467156460509"
"13249","0.0007214322686195374","0.0007214322686195374","0.0007214322686195374"
"13283","0.0008484169084113091","0.0008484169084113091","0.0008484169084113091"
"13317","0.0005819016951136291","0.0005819016951136291","0.0005819016951136291"
"13351","0.001015675807138905","0.001015675807138905","0.001015675807138905"
"13385","0.0007614633068442345","0.0007614633068442345","0.0007614633068442345"
"13419","0.0005430016462923959","0.0005430016462923959","0.0005430016462923959"
"13453","0.0006538500892929733","0.0006538500892929733","0.0006538500892929733"
"13487","0.00043951632687821984","0.00043951632687821984","0.00043951632687821984"
"13521","0.00043027749052271247","0.00043027749052271247","0.00043027749052271247"
"13555","0.0005407831922639161","0.0005407831922639161","0.0005407831922639161"
"13589","0.0008154152892529964","0.0008154152892529964","0.0008154152892529964"
"13623","0.0004036810132674873","0.0004036810132674873","0.0004036810132674873"
"13657","0.00047207268653437495","0.00047207268653437495","0.00047207268653437495"
"13691","0.0006599399785045534","0.0006599399785045534","0.0006599399785045534"
"13725","0.0005101546412333846","0.0005101546412333846","0.0005101546412333846"
"13759","0.0011925794533453882","0.0011925794533453882","0.0011925794533453882"
"13793","0.0006874916143715382","0.0006874916143715382","0.0006874916143715382"
"13827","0.0006153288413770497","0.0006153288413770497","0.0006153288413770497"
"13861","0.0005195303237996995","0.0005195303237996995","0.0005195303237996995"
"13895","0.0008571647340431809","0.0008571647340431809","0.0008571647340431809"
"13929","0.00047412110143341124","0.00047412110143341124","0.00047412110143341124"
"13963","0.0005619755538646132","0.0005619755538646132","0.0005619755538646132"
"13997","0.0005903673591092229","0.0005903673591092229","0.0005903673591092229"
"14031","0.000618624035269022","0.000618624035269022","0.000618624035269022"
"14065","0.0010233463253825903","0.0010233463253825903","0.0010233463253825903"
"14099","0.0007764991460135207","0.0007764991460135207","0.0007764991460135207"
"14133","0.0007863578503020108","0.0007863578503020108","0.0007863578503020108"
"14167","0.0005619168805424124","0.0005619168805424124","0.0005619168805424124"
"14201","0.0013016440207138658","0.0013016440207138658","0.0013016440207138658"
"14235","0.0005979994894005358","0.0005979994894005358","0.0005979994894005358"
"14269","0.0010017150780186057","0.0010017150780186057","0.0010017150780186057"
"14303","0.0007004239014349878","0.0007004239014349878","0.0007004239014349878"
"14337","0.0005021052784286439","0.0005021052784286439","0.0005021052784286439"
"14371","0.0006904746114742011","0.0006904746114742011","0.0006904746114742011"
"14405","0.0009609442204236984","0.0009609442204236984","0.0009609442204236984"
"14439","0.0010244579170830548","0.0010244579170830548","0.0010244579170830548"
"14473","0.0005526905879378319","0.0005526905879378319","0.0005526905879378319"
"14507","0.0006999482575338334","0.0006999482575338334","0.0006999482575338334"
"14541","0.0007281334837898612","0.0007281334837898612","0.0007281334837898612"
"14575","0.0007434177969116718","0.0007434177969116718","0.0007434177969116718"
"14609","0.0006228511338122189","0.0006228511338122189","0.0006228511338122189"
"14643","0.0012997463927604258","0.0012997463927604258","0.0012997463927604258"
"14677","0.001056639477610588","0.001056639477610588","0.001056639477610588"
"14711","0.0006596328166779131","0.0006596328166779131","0.0006596328166779131"
"14745","0.0007945597171783447","0.0007945597171783447","0.0007945597171783447"
"14779","0.0009674429893493652","0.0009674429893493652","0.0009674429893493652"
"14813","0.0006880383589304984","0.0006880383589304984","0.0006880383589304984"
"14847","0.0007162092661019415","0.0007162092661019415","0.0007162092661019415"
"14881","0.0005827561253681779","0.0005827561253681779","0.0005827561253681779"
"14915","0.0010441981139592826","0.0010441981139592826","0.0010441981139592826"
"14949","0.0017086882144212723","0.0017086882144212723","0.0017086882144212723"
"14983","0.0009330293687526137","0.0009330293687526137","0.0009330293687526137"
"15017","0.0009118954185396433","0.0009118954185396433","0.0009118954185396433"
"15051","0.0007870564877521247","0.0007870564877521247","0.0007870564877521247"
"15085","0.0011218112194910645","0.0011218112194910645","0.0011218112194910645"
"15119","0.001242639496922493","0.001242639496922493","0.001242639496922493"
"15153","0.0008638491271995008","0.0008638491271995008","0.0008638491271995008"
"15187","0.0007570872112410143","0.0007570872112410143","0.0007570872112410143"
"15221","0.0003053534892387688","0.0003053534892387688","0.0003053534892387688"
"15255","0.0005137658445164561","0.0005137658445164561","0.0005137658445164561"
"15289","0.00040210410952568054","0.00040210410952568054","0.00040210410952568054"
"15323","0.0008057391387410462","0.0008057391387410462","0.0008057391387410462"
"15357","0.0005821038503199816","0.0005821038503199816","0.0005821038503199816"
"15391","0.0009075251582544297","0.0009075251582544297","0.0009075251582544297"
"15425","0.0005493578501045704","0.0005493578501045704","0.0005493578501045704"
"15459","0.0009312951879110187","0.0009312951879110187","0.0009312951879110187"
"15493","0.0007472188444808125","0.0007472188444808125","0.0007472188444808125"
"15527","0.00044066722330171615","0.00044066722330171615","0.00044066722330171615"
"15561","0.0004522577510215342","0.0004522577510215342","0.0004522577510215342"
"15595","0.0004963847750332206","0.0004963847750332206","0.0004963847750332206"
"15629","0.0008814411121420562","0.0008814411121420562","0.0008814411121420562"
"15663","0.0010867967357626185","0.0010867967357626185","0.0010867967357626185"
"15697","0.0008741255733184516","0.0008741255733184516","0.0008741255733184516"
"15731","0.0008625850605312735","0.0008625850605312735","0.0008625850605312735"
"15765","0.0009890927467495203","0.0009890927467495203","0.0009890927467495203"
"15799","0.0015766083961352706","0.0015766083961352706","0.0015766083961352706"
"15833","0.0012185974046587944","0.0012185974046587944","0.0012185974046587944"
"15867","0.0010679388651624322","0.0010679388651624322","0.0010679388651624322"
"15901","0.0006103971390984952","0.0006103971390984952","0.0006103971390984952"
"15935","0.0011576676624827087","0.0011576676624827087","0.0011576676624827087"
"15969","0.0005775768077000976","0.0005775768077000976","0.0005775768077000976"
"16003","0.0006816904642619193","0.0006816904642619193","0.0006816904642619193"
"16037","0.0005300046177580953","0.0005300046177580953","0.0005300046177580953"
"16071","0.000948798842728138","0.000948798842728138","0.000948798842728138"
"16105","0.0008241088362410665","0.0008241088362410665","0.0008241088362410665"
"16139","0.0008246409124694765","0.0008246409124694765","0.0008246409124694765"
"16173","0.000847113667987287","0.000847113667987287","0.000847113667987287"
"16207","0.000977934105321765","0.000977934105321765","0.000977934105321765"
"16241","0.0006504133343696594","0.0006504133343696594","0.0006504133343696594"
"16275","0.0007344066398218274","0.0007344066398218274","0.0007344066398218274"
"16309","0.0008347224211320281","0.0008347224211320281","0.0008347224211320281"
"16343","0.0011616312549449503","0.0011616312549449503","0.0011616312549449503"
"16377","0.001078977482393384","0.001078977482393384","0.001078977482393384"
"16411","0.0009861682774499059","0.0009861682774499059","0.0009861682774499059"
"16445","0.0014952635392546654","0.0014952635392546654","0.0014952635392546654"
"16479","0.00108889423427172","0.00108889423427172","0.00108889423427172"
"16513","0.0006717932410538197","0.0006717932410538197","0.0006717932410538197"
"16547","0.0005194403929635882","0.0005194403929635882","0.0005194403929635882"
"16581","0.0006381813436746597","0.0006381813436746597","0.0006381813436746597"
"16615","0.0009812999051064253","0.0009812999051064253","0.0009812999051064253"
"16649","0.003146227914839983","0.003146227914839983","0.003146227914839983"
"16683","0.0009302712569478899","0.0009302712569478899","0.0009302712569478899"
"16717","0.0008070357143878937","0.0008070357143878937","0.0008070357143878937"
"16751","0.0007750371587462723","0.0007750371587462723","0.0007750371587462723"
"16785","0.0014837338821962476","0.0014837338821962476","0.0014837338821962476"
"16819","0.0012831537605961785","0.0012831537605961785","0.0012831537605961785"
"16853","0.0010913887526839972","0.0010913887526839972","0.0010913887526839972"
"16887","0.0009115492866840214","0.0009115492866840214","0.0009115492866840214"
"16921","0.0012460537254810333","0.0012460537254810333","0.0012460537254810333"
"16955","0.0011657529976218939","0.0011657529976218939","0.0011657529976218939"
"16989","0.001000789925456047","0.001000789925456047","0.001000789925456047"
"17023","0.0012277134519536048","0.0012277134519536048","0.0012277134519536048"
"17057","0.0010374975390732288","0.0010374975390732288","0.0010374975390732288"
"17091","0.0009082943142857403","0.0009082943142857403","0.0009082943142857403"
"17125","0.0014361902140080929","0.0014361902140080929","0.0014361902140080929"
"17159","0.0008435731288045645","0.0008435731288045645","0.0008435731288045645"
"17193","0.0014498147647827864","0.0014498147647827864","0.0014498147647827864"
"17227","0.0009468024945817888","0.0009468024945817888","0.0009468024945817888"
"17261","0.0007240148261189461","0.0007240148261189461","0.0007240148261189461"
"17295","0.0009234287426806986","0.0009234287426806986","0.0009234287426806986"
"17329","0.0007661927957087755","0.0007661927957087755","0.0007661927957087755"
"17363","0.001149960415204987","0.001149960415204987","0.001149960415204987"
"17397","0.0008702317718416452","0.0008702317718416452","0.0008702317718416452"
"17431","0.0007739451248198748","0.0007739451248198748","0.0007739451248198748"
"17465","0.0004094545729458332","0.0004094545729458332","0.0004094545729458332"
"17499","0.0005846474668942392","0.0005846474668942392","0.0005846474668942392"
"17533","0.0009933034889400005","0.0009933034889400005","0.0009933034889400005"
"17567","0.0009537561563774943","0.0009537561563774943","0.0009537561563774943"
"17601","0.0010784943588078022","0.0010784943588078022","0.0010784943588078022"
"17635","0.0009898392600007355","0.0009898392600007355","0.0009898392600007355"
"17669","0.0006170832202769816","0.0006170832202769816","0.0006170832202769816"
"17703","0.0009942504693754017","0.0009942504693754017","0.0009942504693754017"
"17737","0.001154935685917735","0.001154935685917735","0.001154935685917735"
"17771","0.0011131229111924767","0.0011131229111924767","0.0011131229111924767"
"17805","0.0024545365013182163","0.0024545365013182163","0.0024545365013182163"
"17839","0.0016615521744824946","0.0016615521744824946","0.0016615521744824946"
"17873","0.0012163413921371102","0.0012163413921371102","0.0012163413921371102"
"17907","0.0013532257580664009","0.0013532257580664009","0.0013532257580664009"
"17941","0.0006306993891485035","0.0006306993891485035","0.0006306993891485035"
"17975","0.0008784945239312947","0.0008784945239312947","0.0008784945239312947"
"18009","0.0007489243289455771","0.0007489243289455771","0.0007489243289455771"
"18043","0.0015179840847849846","0.0015179840847849846","0.0015179840847849846"
"18077","0.0003471917298156768","0.0003471917298156768","0.0003471917298156768"
"18111","0.0010099452920258045","0.0010099452920258045","0.0010099452920258045"
"18145","0.0003773230127990246","0.0003773230127990246","0.0003773230127990246"
"18179","0.0006825379387009889","0.0006825379387009889","0.0006825379387009889"
"18213","0.0006680705118924379","0.0006680705118924379","0.0006680705118924379"
"18247","0.0008482106495648623","0.0008482106495648623","0.0008482106495648623"
"18281","0.0009548867819830775","0.0009548867819830775","0.0009548867819830775"
"18315","0.0006565793592017144","0.0006565793592017144","0.0006565793592017144"
"18349","0.001237119548022747","0.001237119548022747","0.001237119548022747"
"18383","0.00111423124326393","0.00111423124326393","0.00111423124326393"
"18417","0.0006612067227251828","0.0006612067227251828","0.0006612067227251828"
"18451","0.0018615159788168967","0.0018615159788168967","0.0018615159788168967"
"18485","0.0010586411226540804","0.0010586411226540804","0.0010586411226540804"
"18519","0.0008693460840731859","0.0008693460840731859","0.0008693460840731859"
"18553","0.000572581950109452","0.000572581950109452","0.000572581950109452"
"18587","0.001042934658471495","0.001042934658471495","0.001042934658471495"
"18621","0.001382826012559235","0.001382826012559235","0.001382826012559235"
"18655","0.0009605851664673537","0.0009605851664673537","0.0009605851664673537"
"18689","0.0007266688626259565","0.0007266688626259565","0.0007266688626259565"
"18723","0.0013946176040917635","0.0013946176040917635","0.0013946176040917635"
"18757","0.0009983638301491737","0.0009983638301491737","0.0009983638301491737"
"18791","0.0007034714508336037","0.0007034714508336037","0.0007034714508336037"
"18825","0.0030764704570174217","0.0030764704570174217","0.0030764704570174217"
"18859","0.0008695411961525679","0.0008695411961525679","0.0008695411961525679"
"18893","0.0006464123725891113","0.0006464123725891113","0.0006464123725891113"
"18927","0.0008637288701720536","0.0008637288701720536","0.0008637288701720536"
"18961","0.0015889331698417664","0.0015889331698417664","0.0015889331698417664"
"18995","0.0009968332014977932","0.0009968332014977932","0.0009968332014977932"
"19029","0.0009128843084909022","0.0009128843084909022","0.0009128843084909022"
"19063","0.0015427755424752831","0.0015427755424752831","0.0015427755424752831"
"19097","0.0017228409415110946","0.0017228409415110946","0.0017228409415110946"
"19131","0.0014766337699256837","0.0014766337699256837","0.0014766337699256837"
"19165","0.0010688407346606255","0.0010688407346606255","0.0010688407346606255"
"19199","0.0007661595300305635","0.0007661595300305635","0.0007661595300305635"
"19233","0.0006881320150569081","0.0006881320150569081","0.0006881320150569081"
"19267","0.0010890690027736127","0.0010890690027736127","0.0010890690027736127"
"19301","0.0007083238451741636","0.0007083238451741636","0.0007083238451741636"
"19335","0.0010152654722332954","0.0010152654722332954","0.0010152654722332954"
"19369","0.0006300234235823154","0.0006300234235823154","0.0006300234235823154"
"19403","0.0011778307380154729","0.0011778307380154729","0.0011778307380154729"
"19437","0.001388578792102635","0.001388578792102635","0.001388578792102635"
"19471","0.0005551693902816623","0.0005551693902816623","0.0005551693902816623"
"19505","0.0010765749029815197","0.0010765749029815197","0.0010765749029815197"
"19539","0.000996374583337456","0.000996374583337456","0.000996374583337456"
"19573","0.001246211351826787","0.001246211351826787","0.001246211351826787"
"19607","0.0012595572043210268","0.0012595572043210268","0.0012595572043210268"
"19641","0.0006316732615232468","0.0006316732615232468","0.0006316732615232468"
"19675","0.001259476994164288","0.001259476994164288","0.001259476994164288"
"19709","0.0011772040743380785","0.0011772040743380785","0.0011772040743380785"
"19743","0.0007897430623415858","0.0007897430623415858","0.0007897430623415858"
"19777","0.0010712409857660532","0.0010712409857660532","0.0010712409857660532"
"19811","0.000964122184086591","0.000964122184086591","0.000964122184086591"
"19845","0.0015594069845974445","0.0015594069845974445","0.0015594069845974445"
"19879","0.0011542774736881256","0.0011542774736881256","0.0011542774736881256"
"19913","0.0006811949424445629","0.0006811949424445629","0.0006811949424445629"
"19947","0.0008426341810263693","0.0008426341810263693","0.0008426341810263693"
"19981","0.0009528173832222819","0.0009528173832222819","0.0009528173832222819"
"20015","0.001349383732303977","0.001349383732303977","0.001349383732303977"
"20049","0.0007909202249720693","0.0007909202249720693","0.0007909202249720693"
"20083","0.0013433055428322405","0.0013433055428322405","0.0013433055428322405"
"20117","0.001324659213423729","0.001324659213423729","0.001324659213423729"
"20151","0.0018950669618789107","0.0018950669618789107","0.0018950669618789107"
"20185","0.0008468131418339908","0.0008468131418339908","0.0008468131418339908"
"20219","0.000836661463836208","0.000836661463836208","0.000836661463836208"
"20253","0.0007847963715903461","0.0007847963715903461","0.0007847963715903461"
"20287","0.0008069160394370556","0.0008069160394370556","0.0008069160394370556"
"20321","0.0017652914393693209","0.0017652914393693209","0.0017652914393693209"
"20355","0.0006458560819737613","0.0006458560819737613","0.0006458560819737613"
"20389","0.0006634675664827228","0.0006634675664827228","0.0006634675664827228"
"20423","0.0010801241733133793","0.0010801241733133793","0.0010801241733133793"
"20457","0.000990121508948505","0.000990121508948505","0.000990121508948505"
"20491","0.0010076100588776171","0.0010076100588776171","0.0010076100588776171"
"20525","0.0012316856300458312","0.0012316856300458312","0.0012316856300458312"
"20559","0.0007595963252242655","0.0007595963252242655","0.0007595963252242655"
"20593","0.0007071914151310921","0.0007071914151310921","0.0007071914151310921"
"20627","0.0007973434112500399","0.0007973434112500399","0.0007973434112500399"
"20661","0.0006388694746419787","0.0006388694746419787","0.0006388694746419787"
"20695","0.0014009258011355996","0.0014009258011355996","0.0014009258011355996"
"20729","0.0003892381791956723","0.0003892381791956723","0.0003892381791956723"
"20763","0.0007181750843301415","0.0007181750843301415","0.0007181750843301415"
"20797","0.0005370361031964421","0.0005370361031964421","0.0005370361031964421"
"20831","0.0016080151544883847","0.0016080151544883847","0.0016080151544883847"
"20865","0.00107593834400177","0.00107593834400177","0.00107593834400177"
"20899","0.0009113346168305725","0.0009113346168305725","0.0009113346168305725"
"20933","0.0009442336158826947","0.0009442336158826947","0.0009442336158826947"
"20967","0.0010676064994186163","0.0010676064994186163","0.0010676064994186163"
"21001","0.001216905890032649","0.001216905890032649","0.001216905890032649"
"21035","0.0010549271828494966","0.0010549271828494966","0.0010549271828494966"
"21069","0.001181160332635045","0.001181160332635045","0.001181160332635045"
"21103","0.0009380821138620377","0.0009380821138620377","0.0009380821138620377"
"21137","0.0013878376921638846","0.0013878376921638846","0.0013878376921638846"
"21171","0.0011356878094375134","0.0011356878094375134","0.0011356878094375134"
"21205","0.0012489603832364082","0.0012489603832364082","0.0012489603832364082"
"21239","0.002351978444494307","0.002351978444494307","0.002351978444494307"
"21273","0.0013685193844139576","0.0013685193844139576","0.0013685193844139576"
"21307","0.0013731718063354492","0.0013731718063354492","0.0013731718063354492"
"21341","0.0014495056821033359","0.0014495056821033359","0.0014495056821033359"
"21375","0.0010433560819365084","0.0010433560819365084","0.0010433560819365084"
"21409","0.001256897347047925","0.001256897347047925","0.001256897347047925"
"21443","0.0013670888147316873","0.0013670888147316873","0.0013670888147316873"
"21477","0.0006084137130528688","0.0006084137130528688","0.0006084137130528688"
"21511","0.001473394047934562","0.001473394047934562","0.001473394047934562"
"21545","0.0007998371147550642","0.0007998371147550642","0.0007998371147550642"
"21579","0.001299419323913753","0.001299419323913753","0.001299419323913753"
"21613","0.0017931838519871235","0.0017931838519871235","0.0017931838519871235"
"21647","0.0012803304707631469","0.0012803304707631469","0.0012803304707631469"
"21681","0.0007232699426822364","0.0007232699426822364","0.0007232699426822364"
"21715","0.0011877068900503218","0.0011877068900503218","0.0011877068900503218"
"21749","0.0012551923282444477","0.0012551923282444477","0.0012551923282444477"
"21783","0.001348162244539708","0.001348162244539708","0.001348162244539708"
"21817","0.0016825932543724775","0.0016825932543724775","0.0016825932543724775"
"21851","0.0012187263928353786","0.0012187263928353786","0.0012187263928353786"
"21885","0.00117833714466542","0.00117833714466542","0.00117833714466542"
"21919","0.0011808198178187013","0.0011808198178187013","0.0011808198178187013"
"21953","0.0010850438848137856","0.0010850438848137856","0.0010850438848137856"
"21987","0.0018917451379820704","0.0018917451379820704","0.0018917451379820704"
"22021","0.0006872927770018578","0.0006872927770018578","0.0006872927770018578"
"22055","0.001052118925144896","0.001052118925144896","0.001052118925144896"
"22089","0.0014792147558182478","0.0014792147558182478","0.0014792147558182478"
"22123","0.0012276789639145136","0.0012276789639145136","0.0012276789639145136"
"22157","0.0016060463385656476","0.0016060463385656476","0.0016060463385656476"
"22191","0.0009868339984677732","0.0009868339984677732","0.0009868339984677732"
"22225","0.0017345945816487074","0.0017345945816487074","0.0017345945816487074"
"22259","0.0011092601343989372","0.0011092601343989372","0.0011092601343989372"
"22293","0.002854607068002224","0.002854607068002224","0.002854607068002224"
"22327","0.0007930449210107327","0.0007930449210107327","0.0007930449210107327"
"22361","0.0017343813087791204","0.0017343813087791204","0.0017343813087791204"
"22395","0.0012110029929317534","0.0012110029929317534","0.0012110029929317534"
"22429","0.000922510283999145","0.000922510283999145","0.000922510283999145"
"22463","0.0010110368602909148","0.0010110368602909148","0.0010110368602909148"
"22497","0.0007712944643571973","0.0007712944643571973","0.0007712944643571973"
"22531","0.0008437334035988897","0.0008437334035988897","0.0008437334035988897"
"22565","0.000831850222311914","0.000831850222311914","0.000831850222311914"
"22599","0.0012155720905866474","0.0012155720905866474","0.0012155720905866474"
"22633","0.0006435906398110092","0.0006435906398110092","0.0006435906398110092"
"22667","0.000529536249814555","0.000529536249814555","0.000529536249814555"
"22701","0.0013866592198610306","0.0013866592198610306","0.0013866592198610306"
"22735","0.0014945247094146907","0.0014945247094146907","0.0014945247094146907"
"22769","0.0007175318896770477","0.0007175318896770477","0.0007175318896770477"
"22803","0.0011780032946262509","0.0011780032946262509","0.0011780032946262509"
"22837","0.0006994269788265228","0.0006994269788265228","0.0006994269788265228"
"22871","0.0006755521462764591","0.0006755521462764591","0.0006755521462764591"
"22905","0.002144365105777979","0.002144365105777979","0.002144365105777979"
"22939","0.0007059092749841511","0.0007059092749841511","0.0007059092749841511"
"22973","0.001010002102702856","0.001010002102702856","0.001010002102702856"
"23007","0.002830441342666745","0.002830441342666745","0.002830441342666745"
"23041","0.0014239551965147257","0.0014239551965147257","0.0014239551965147257"
"23075","0.001641616690903902","0.001641616690903902","0.001641616690903902"
"23109","0.0007590048480778933","0.0007590048480778933","0.0007590048480778933"
"23143","0.0014373361482284963","0.0014373361482284963","0.0014373361482284963"
"23177","0.001397466054186225","0.001397466054186225","0.001397466054186225"
"23211","0.0012783582787960768","0.0012783582787960768","0.0012783582787960768"
"23245","0.001264381455257535","0.001264381455257535","0.001264381455257535"
"23279","0.001036083122016862","0.001036083122016862","0.001036083122016862"
"23313","0.0006377702811732888","0.0006377702811732888","0.0006377702811732888"
"23347","0.0007410164689645171","0.0007410164689645171","0.0007410164689645171"
"23381","0.0006920062005519867","0.0006920062005519867","0.0006920062005519867"
"23415","0.0010888546821661294","0.0010888546821661294","0.0010888546821661294"
"23449","0.001447609392926097","0.001447609392926097","0.001447609392926097"
"23483","0.001639477617572993","0.001639477617572993","0.001639477617572993"
"23517","0.0005566442850977182","0.0005566442850977182","0.0005566442850977182"
"23551","0.0010338759748265147","0.0010338759748265147","0.0010338759748265147"
"23585","0.000993244699202478","0.000993244699202478","0.000993244699202478"
"23619","0.0007716027612332255","0.0007716027612332255","0.0007716027612332255"
"23653","0.001042266027070582","0.001042266027070582","0.001042266027070582"
"23687","0.0006953865522518754","0.0006953865522518754","0.0006953865522518754"
"23721","0.0010345783084630966","0.0010345783084630966","0.0010345783084630966"
"23755","0.0007694859232287854","0.0007694859232287854","0.0007694859232287854"
"23789","0.0010621907422319055","0.0010621907422319055","0.0010621907422319055"
"23823","0.0009862048318609595","0.0009862048318609595","0.0009862048318609595"
"23857","0.0008225117344409227","0.0008225117344409227","0.0008225117344409227"
"23891","0.0009560112375766039","0.0009560112375766039","0.0009560112375766039"
"23925","0.0012184971710667014","0.0012184971710667014","0.0012184971710667014"
"23959","0.0010101589723490179","0.0010101589723490179","0.0010101589723490179"
"23993","0.0013277226826176047","0.0013277226826176047","0.0013277226826176047"
"24027","0.0009548019734211266","0.0009548019734211266","0.0009548019734211266"
"24061","0.0007671745261177421","0.0007671745261177421","0.0007671745261177421"
"24095","0.0011988382902927697","0.0011988382902927697","0.0011988382902927697"
"24129","0.0013958674389868975","0.0013958674389868975","0.0013958674389868975"
"24163","0.0011895684874616563","0.0011895684874616563","0.0011895684874616563"
"24197","0.0013813478872179985","0.0013813478872179985","0.0013813478872179985"
"24231","0.0011066158185712993","0.0011066158185712993","0.0011066158185712993"
"24265","0.001675423001870513","0.001675423001870513","0.001675423001870513"
"24299","0.002056990342680365","0.002056990342680365","0.002056990342680365"
"24333","0.0012277155183255672","0.0012277155183255672","0.0012277155183255672"
"24367","0.0010650557233020663","0.0010650557233020663","0.0010650557233020663"
"24401","0.0012846015160903335","0.0012846015160903335","0.0012846015160903335"
"24435","0.0014049048477318138","0.0014049048477318138","0.0014049048477318138"
"24469","0.0018772007897496223","0.0018772007897496223","0.0018772007897496223"
"24503","0.0007957910420373082","0.0007957910420373082","0.0007957910420373082"
"24537","0.0008383906679227948","0.0008383906679227948","0.0008383906679227948"
"24571","0.0009192163997795433","0.0009192163997795433","0.0009192163997795433"
"24605","0.0029899494256824255","0.0029899494256824255","0.0029899494256824255"
"24639","0.001427544339094311","0.001427544339094311","0.001427544339094311"
"24673","0.0016670470358803868","0.0016670470358803868","0.0016670470358803868"
"24707","0.0013404556084424257","0.0013404556084424257","0.0013404556084424257"
"24741","0.0013987680431455374","0.0013987680431455374","0.0013987680431455374"
"24775","0.0010527390404604375","0.0010527390404604375","0.0010527390404604375"
"24809","0.0014616388361901045","0.0014616388361901045","0.0014616388361901045"
"24843","0.0013851876137778163","0.0013851876137778163","0.0013851876137778163"
"24877","0.000796876847743988","0.000796876847743988","0.000796876847743988"
"24911","0.0008898216474335641","0.0008898216474335641","0.0008898216474335641"
"24945","0.0021110116504132748","0.0021110116504132748","0.0021110116504132748"
"24979","0.0015991294058039784","0.0015991294058039784","0.0015991294058039784"
"25013","0.0008700379403308034","0.0008700379403308034","0.0008700379403308034"
"25047","0.0014067557640373707","0.0014067557640373707","0.0014067557640373707"
"25081","0.0027117778081446886","0.0027117778081446886","0.0027117778081446886"
"25115","0.00111982790986076","0.00111982790986076","0.00111982790986076"
"25149","0.0008786011603660882","0.0008786011603660882","0.0008786011603660882"
"25183","0.001268412102945149","0.001268412102945149","0.001268412102945149"
"25217","0.0009060583543032408","0.0009060583543032408","0.0009060583543032408"
"25251","0.001215032854815945","0.001215032854815945","0.001215032854815945"
"25285","0.001331967767328024","0.001331967767328024","0.001331967767328024"
"25319","0.001344426244031638","0.001344426244031638","0.001344426244031638"
"25353","0.0005425898707471788","0.0005425898707471788","0.0005425898707471788"
"25387","0.0016134020406752825","0.0016134020406752825","0.0016134020406752825"
"25421","0.000822313770186156","0.000822313770186156","0.000822313770186156"
"25455","0.0014587128534913063","0.0014587128534913063","0.0014587128534913063"
"25489","0.0009858310222625732","0.0009858310222625732","0.0009858310222625732"
"25523","0.0017476455541327596","0.0017476455541327596","0.0017476455541327596"
"25557","0.001987480791285634","0.001987480791285634","0.001987480791285634"
"25591","0.0011540644918568432","0.0011540644918568432","0.0011540644918568432"
"25625","0.0014489779714494944","0.0014489779714494944","0.0014489779714494944"
"25659","0.0010914140730164945","0.0010914140730164945","0.0010914140730164945"
"25693","0.0006583206122741103","0.0006583206122741103","0.0006583206122741103"
"25727","0.001149077492300421","0.001149077492300421","0.001149077492300421"
"25761","0.0007653008797205985","0.0007653008797205985","0.0007653008797205985"
"25795","0.0014391047006938607","0.0014391047006938607","0.0014391047006938607"
"25829","0.0006474953843280673","0.0006474953843280673","0.0006474953843280673"
"25863","0.0013995327753946185","0.0013995327753946185","0.0013995327753946185"
"25897","0.0010329290525987744","0.0010329290525987744","0.0010329290525987744"
"25931","0.001500890706665814","0.001500890706665814","0.001500890706665814"
"25965","0.000883985310792923","0.000883985310792923","0.000883985310792923"
"25999","0.0011495621292851865","0.0011495621292851865","0.0011495621292851865"
"26033","0.0012843201402574778","0.0012843201402574778","0.0012843201402574778"
"26067","0.001769492810126394","0.001769492810126394","0.001769492810126394"
"26101","0.0012053374666720629","0.0012053374666720629","0.0012053374666720629"
"26135","0.0018506423803046346","0.0018506423803046346","0.0018506423803046346"
"26169","0.0010655265068635345","0.0010655265068635345","0.0010655265068635345"
"26203","0.0011843558750115335","0.0011843558750115335","0.0011843558750115335"
"26237","0.0014288974925875664","0.0014288974925875664","0.0014288974925875664"
"26271","0.0014732758281752467","0.0014732758281752467","0.0014732758281752467"
"26305","0.0014634064864367247","0.0014634064864367247","0.0014634064864367247"
"26339","0.00158825604012236","0.00158825604012236","0.00158825604012236"
"26373","0.0014570968924090266","0.0014570968924090266","0.0014570968924090266"
"26407","0.0009685723343864083","0.0009685723343864083","0.0009685723343864083"
"26441","0.0011560614220798016","0.0011560614220798016","0.0011560614220798016"
"26475","0.0009329757594969124","0.0009329757594969124","0.0009329757594969124"
"26509","0.0022731730714440346","0.0022731730714440346","0.0022731730714440346"
"26543","0.0006557651504408568","0.0006557651504408568","0.0006557651504408568"
"26577","0.0014632460661232471","0.0014632460661232471","0.0014632460661232471"
"26611","0.0011394745670258999","0.0011394745670258999","0.0011394745670258999"
"26645","0.0017522914567962289","0.0017522914567962289","0.0017522914567962289"
"26679","0.0016557939816266298","0.0016557939816266298","0.0016557939816266298"
"26713","0.0021465416066348553","0.0021465416066348553","0.0021465416066348553"
"26747","0.0013084548991173506","0.0013084548991173506","0.0013084548991173506"
"26781","0.0008476420771330595","0.0008476420771330595","0.0008476420771330595"
"26815","0.0010401525651104748","0.0010401525651104748","0.0010401525651104748"
"26849","0.0013885525986552238","0.0013885525986552238","0.0013885525986552238"
"26883","0.0010437064920552075","0.0010437064920552075","0.0010437064920552075"
"26917","0.0009420391288585961","0.0009420391288585961","0.0009420391288585961"
"26951","0.001347937562968582","0.001347937562968582","0.001347937562968582"
"26985","0.0012529399245977402","0.0012529399245977402","0.0012529399245977402"
"27019","0.0009688792342785746","0.0009688792342785746","0.0009688792342785746"
"27053","0.001231581438332796","0.001231581438332796","0.001231581438332796"
"27087","0.0015909355133771896","0.0015909355133771896","0.0015909355133771896"
"27121","0.0011050747707486153","0.0011050747707486153","0.0011050747707486153"
"27155","0.0011931237240787596","0.0011931237240787596","0.0011931237240787596"
"27189","0.0013643893180415034","0.0013643893180415034","0.0013643893180415034"
"27223","0.001219418365508318","0.001219418365508318","0.001219418365508318"
"27257","0.0009742179536260664","0.0009742179536260664","0.0009742179536260664"
"27291","0.0012038828572258353","0.0012038828572258353","0.0012038828572258353"
"27325","0.00191185949370265","0.00191185949370265","0.00191185949370265"
"27359","0.0015175302978605032","0.0015175302978605032","0.0015175302978605032"
"27393","0.00175258528906852","0.00175258528906852","0.00175258528906852"
"27427","0.0023562859860248864","0.0023562859860248864","0.0023562859860248864"
"27461","0.002282712608575821","0.002282712608575821","0.002282712608575821"
"27495","0.0017011191812343895","0.0017011191812343895","0.0017011191812343895"
"27529","0.0010423620697110891","0.0010423620697110891","0.0010423620697110891"
"27563","0.0021196111338213086","0.0021196111338213086","0.0021196111338213086"
"27597","0.0019323183223605156","0.0019323183223605156","0.0019323183223605156"
"27631","0.0012381466221995652","0.0012381466221995652","0.0012381466221995652"
"27665","0.0016980409855023026","0.0016980409855023026","0.0016980409855023026"
"27699","0.0019656941876746714","0.0019656941876746714","0.0019656941876746714"
"27733","0.001685350202023983","0.001685350202023983","0.001685350202023983"
"27767","0.0012776090879924595","0.0012776090879924595","0.0012776090879924595"
"27801","0.0016704752342775464","0.0016704752342775464","0.0016704752342775464"
"27835","0.0013487600372172892","0.0013487600372172892","0.0013487600372172892"
"27869","0.0010831166291609406","0.0010831166291609406","0.0010831166291609406"
"27903","0.0013583704130724072","0.0013583704130724072","0.0013583704130724072"
"27937","0.001525521744042635","0.001525521744042635","0.001525521744042635"
"27971","0.0011419054353609681","0.0011419054353609681","0.0011419054353609681"
"28005","0.0015586388763040304","0.0015586388763040304","0.0015586388763040304"
"28039","0.0019081654609180987","0.0019081654609180987","0.0019081654609180987"
"28073","0.001032449770718813","0.001032449770718813","0.001032449770718813"
"28107","0.001192143274238333","0.001192143274238333","0.001192143274238333"
"28141","0.001395333674736321","0.001395333674736321","0.001395333674736321"
"28175","0.0010072826989926398","0.0010072826989926398","0.0010072826989926398"
"28209","0.0009712139144539833","0.0009712139144539833","0.0009712139144539833"
"28243","0.0009764298447407782","0.0009764298447407782","0.0009764298447407782"
"28277","0.0020480172242969275","0.0020480172242969275","0.0020480172242969275"
"28311","0.0011282403720542789","0.0011282403720542789","0.0011282403720542789"
"28345","0.001379932276904583","0.001379932276904583","0.001379932276904583"
"28379","0.0011711933475453407","0.0011711933475453407","0.0011711933475453407"
"28413","0.0016348280478268862","0.0016348280478268862","0.0016348280478268862"
"28447","0.0016997737111523747","0.0016997737111523747","0.0016997737111523747"
"28481","0.0017305619549006224","0.0017305619549006224","0.0017305619549006224"
"28515","0.0009568500390741974","0.0009568500390741974","0.0009568500390741974"
"28549","0.0011052280897274613","0.0011052280897274613","0.0011052280897274613"
"28583","0.001273915870115161","0.001273915870115161","0.001273915870115161"
"28617","0.0016995447222143412","0.0016995447222143412","0.0016995447222143412"
"28651","0.0011081256088800728","0.0011081256088800728","0.0011081256088800728"
"28685","0.0009251823648810387","0.0009251823648810387","0.0009251823648810387"
"28719","0.000946438463870436","0.000946438463870436","0.000946438463870436"
"28753","0.0008687967783771455","0.0008687967783771455","0.0008687967783771455"
"28787","0.0009559181344229728","0.0009559181344229728","0.0009559181344229728"
"28821","0.0010049911215901375","0.0010049911215901375","0.0010049911215901375"
"28855","0.0008579663699492812","0.0008579663699492812","0.0008579663699492812"
"28889","0.0010807703947648406","0.0010807703947648406","0.0010807703947648406"
"28923","0.001053120067808777","0.001053120067808777","0.001053120067808777"
"28957","0.0011533410288393497","0.0011533410288393497","0.0011533410288393497"
"28991","0.0018559291493147612","0.0018559291493147612","0.0018559291493147612"
"29025","0.0022350968793034554","0.0022350968793034554","0.0022350968793034554"
"29059","0.0009464214090257883","0.0009464214090257883","0.0009464214090257883"
"29093","0.0012770825996994972","0.0012770825996994972","0.0012770825996994972"
"29127","0.0009354650101158768","0.0009354650101158768","0.0009354650101158768"
"29161","0.0009455762919969857","0.0009455762919969857","0.0009455762919969857"
"29195","0.0013855380821041763","0.0013855380821041763","0.0013855380821041763"
"29229","0.0008188106585294008","0.0008188106585294008","0.0008188106585294008"
"29263","0.0011921962723135948","0.0011921962723135948","0.0011921962723135948"
"29297","0.0009890147484838963","0.0009890147484838963","0.0009890147484838963"
"29331","0.0013432652922347188","0.0013432652922347188","0.0013432652922347188"
"29365","0.0018734396435320377","0.0018734396435320377","0.0018734396435320377"
"29399","0.0011769157135859132","0.0011769157135859132","0.0011769157135859132"
"29433","0.0009998106397688389","0.0009998106397688389","0.0009998106397688389"
"29467","0.0013667335151694715","0.0013667335151694715","0.0013667335151694715"
"29501","0.0017101173289120197","0.0017101173289120197","0.0017101173289120197"
"29535","0.0011773003498092294","0.0011773003498092294","0.0011773003498092294"
"29569","0.0010218495735898614","0.0010218495735898614","0.0010218495735898614"
"29603","0.0012325141578912735","0.0012325141578912735","0.0012325141578912735"
"29637","0.0019446318037807941","0.0019446318037807941","0.0019446318037807941"
"29671","0.0009154878498520702","0.0009154878498520702","0.0009154878498520702"
"29705","0.0013789114309474826","0.0013789114309474826","0.0013789114309474826"
"29739","0.00150155316805467","0.00150155316805467","0.00150155316805467"
"29773","0.001144644571468234","0.001144644571468234","0.001144644571468234"
"29807","0.001238396915141493","0.001238396915141493","0.001238396915141493"
"29841","0.0011403373209759593","0.0011403373209759593","0.0011403373209759593"
"29875","0.0010302867740392685","0.0010302867740392685","0.0010302867740392685"
"29909","0.001397943589836359","0.001397943589836359","0.001397943589836359"
"29943","0.0009290552698075771","0.0009290552698075771","0.0009290552698075771"
"29977","0.0009410965722054243","0.0009410965722054243","0.0009410965722054243"
"30011","0.0011971480562351644","0.0011971480562351644","0.0011971480562351644"
"30045","0.0010498273186385632","0.0010498273186385632","0.0010498273186385632"
"30079","0.001227655098773539","0.001227655098773539","0.001227655098773539"
"30113","0.0009327074512839317","0.0009327074512839317","0.0009327074512839317"
"30147","0.0012832264765165746","0.0012832264765165746","0.0012832264765165746"
"30181","0.0017173613887280226","0.0017173613887280226","0.0017173613887280226"
"30215","0.002053537464234978","0.002053537464234978","0.002053537464234978"
"30249","0.0016269927145913243","0.0016269927145913243","0.0016269927145913243"
"30283","0.0012122031766921282","0.0012122031766921282","0.0012122031766921282"
"30317","0.0019084801897406578","0.0019084801897406578","0.0019084801897406578"
"30351","0.0019474572036415339","0.0019474572036415339","0.0019474572036415339"
"30385","0.0009154841536656022","0.0009154841536656022","0.0009154841536656022"
"30419","0.0011767519754357636","0.0011767519754357636","0.0011767519754357636"
"30453","0.0006989723769947886","0.0006989723769947886","0.0006989723769947886"
"30487","0.0012104484485462308","0.0012104484485462308","0.0012104484485462308"
"30521","0.003225001972168684","0.003225001972168684","0.003225001972168684"
"30555","0.001595681649632752","0.001595681649632752","0.001595681649632752"
"30589","0.0013448973186314106","0.0013448973186314106","0.0013448973186314106"
"30623","0.001077696098946035","0.001077696098946035","0.001077696098946035"
"30657","0.0010422486811876297","0.0010422486811876297","0.0010422486811876297"
"30691","0.0014001173549331725","0.0014001173549331725","0.0014001173549331725"
"30725","0.0012327948352321982","0.0012327948352321982","0.0012327948352321982"
"30759","0.0016995464102365077","0.0016995464102365077","0.0016995464102365077"
"30793","0.0013611395843327045","0.0013611395843327045","0.0013611395843327045"
"30827","0.0013659651740454137","0.0013659651740454137","0.0013659651740454137"
"30861","0.0014362768270075321","0.0014362768270075321","0.0014362768270075321"
"30895","0.0010925220558419824","0.0010925220558419824","0.0010925220558419824"
"30929","0.0016906631644815207","0.0016906631644815207","0.0016906631644815207"
"30963","0.0011441641545388848","0.0011441641545388848","0.0011441641545388848"
"30997","0.0010794280096888542","0.0010794280096888542","0.0010794280096888542"
"31031","0.0013616607757285237","0.0013616607757285237","0.0013616607757285237"
"31065","0.001041413052007556","0.001041413052007556","0.001041413052007556"
"31099","0.00143399927765131","0.00143399927765131","0.00143399927765131"
"31133","0.0014810656430199742","0.0014810656430199742","0.0014810656430199742"
"31167","0.001568701525684446","0.001568701525684446","0.001568701525684446"
"31201","0.002294889185577631","0.002294889185577631","0.002294889185577631"
"31235","0.001276621303986758","0.001276621303986758","0.001276621303986758"
"31269","0.0012680321233347058","0.0012680321233347058","0.0012680321233347058"
"31303","0.0014413204626180232","0.0014413204626180232","0.0014413204626180232"
"31337","0.0009463895112276077","0.0009463895112276077","0.0009463895112276077"
"31371","0.001609004510100931","0.001609004510100931","0.001609004510100931"
"31405","0.0017840494401752949","0.0017840494401752949","0.0017840494401752949"
"31439","0.001141219021519646","0.001141219021519646","0.001141219021519646"
"31473","0.0035148353781551123","0.0035148353781551123","0.0035148353781551123"
"31507","0.001240179582964629","0.001240179582964629","0.001240179582964629"
"31541","0.0013814829289913177","0.0013814829289913177","0.0013814829289913177"
"31575","0.000832737481687218","0.000832737481687218","0.000832737481687218"
"31609","0.0011942640412598848","0.0011942640412598848","0.0011942640412598848"
"31643","0.0013119751820340753","0.0013119751820340753","0.0013119751820340753"
"31677","0.001107413787394762","0.001107413787394762","0.001107413787394762"
"31711","0.0013311803340911865","0.0013311803340911865","0.0013311803340911865"
"31745","0.0014340176712721586","0.0014340176712721586","0.0014340176712721586"
"31779","0.001721985696349293","0.001721985696349293","0.001721985696349293"
"31813","0.0009343926794826984","0.0009343926794826984","0.0009343926794826984"
"31847","0.0013214468490332365","0.0013214468490332365","0.0013214468490332365"
"31881","0.0020029600709676743","0.0020029600709676743","0.0020029600709676743"
"31915","0.001628685335163027","0.001628685335163027","0.001628685335163027"
"31949","0.0015800257679075003","0.0015800257679075003","0.0015800257679075003"
"31983","0.002519570931326598","0.002519570931326598","0.002519570931326598"
"32017","0.002080688253045082","0.002080688253045082","0.002080688253045082"
"32051","0.0019306265166960657","0.0019306265166960657","0.0019306265166960657"
"32085","0.002130592940375209","0.002130592940375209","0.002130592940375209"
"32119","0.001349673024378717","0.001349673024378717","0.001349673024378717"
"32153","0.0020634604152292013","0.0020634604152292013","0.0020634604152292013"
"32187","0.002070401329547167","0.002070401329547167","0.002070401329547167"
"32221","0.0019061426864936948","0.0019061426864936948","0.0019061426864936948"
"32255","0.0016250410117208958","0.0016250410117208958","0.0016250410117208958"
"32289","0.0016187499277293682","0.0016187499277293682","0.0016187499277293682"
"32323","0.0020376339089125395","0.0020376339089125395","0.0020376339089125395"
"32357","0.0016983484383672476","0.0016983484383672476","0.0016983484383672476"
"32391","0.0021814305218867958","0.0021814305218867958","0.0021814305218867958"
"32425","0.0020695687271654606","0.0020695687271654606","0.0020695687271654606"
"32459","0.002018232538830489","0.002018232538830489","0.002018232538830489"
"32493","0.0021407650783658028","0.0021407650783658028","0.0021407650783658028"
"32527","0.0018248925334773958","0.0018248925334773958","0.0018248925334773958"
"32561","0.0019808332435786724","0.0019808332435786724","0.0019808332435786724"
"32595","0.0017532119527459145","0.0017532119527459145","0.0017532119527459145"
"32629","0.0011740145273506641","0.0011740145273506641","0.0011740145273506641"
"32663","0.0008882402908056974","0.0008882402908056974","0.0008882402908056974"
"32697","0.002080250298604369","0.002080250298604369","0.002080250298604369"
"32731","0.0012837052345275879","0.0012837052345275879","0.0012837052345275879"
"32765","0.00181031902320683","0.00181031902320683","0.00181031902320683"
"32799","0.0017704694182612002","0.0017704694182612002","0.0017704694182612002"
"32833","0.0009248438291251659","0.0009248438291251659","0.0009248438291251659"
"32867","0.001244249113369733","0.001244249113369733","0.001244249113369733"
"32901","0.0008103507570922375","0.0008103507570922375","0.0008103507570922375"
"32935","0.0014058752567507327","0.0014058752567507327","0.0014058752567507327"
"32969","0.0009609099943190813","0.0009609099943190813","0.0009609099943190813"
"33003","0.0016965847462415695","0.0016965847462415695","0.0016965847462415695"
"33037","0.0015254307072609663","0.0015254307072609663","0.0015254307072609663"
"33071","0.001211725641041994","0.001211725641041994","0.001211725641041994"
"33105","0.0013135583139955997","0.0013135583139955997","0.0013135583139955997"
"33139","0.002062765182927251","0.002062765182927251","0.002062765182927251"
"33173","0.0012635038001462817","0.0012635038001462817","0.0012635038001462817"
"33207","0.0016947624972090125","0.0016947624972090125","0.0016947624972090125"
"33241","0.0015542618930339813","0.0015542618930339813","0.0015542618930339813"
"33275","0.001366420998238027","0.001366420998238027","0.001366420998238027"
"33309","0.001002367353066802","0.001002367353066802","0.001002367353066802"
"33343","0.0015797559753991663","0.0015797559753991663","0.0015797559753991663"
"33377","0.0016968509880825877","0.0016968509880825877","0.0016968509880825877"
"33411","0.0018218420445919037","0.0018218420445919037","0.0018218420445919037"
"33445","0.0011502172565087676","0.0011502172565087676","0.0011502172565087676"
"33479","0.0015326716820709407","0.0015326716820709407","0.0015326716820709407"
"33513","0.0012324282433837652","0.0012324282433837652","0.0012324282433837652"
"33547","0.0017845768015831709","0.0017845768015831709","0.0017845768015831709"
"33581","0.0017291614785790443","0.0017291614785790443","0.0017291614785790443"
"33615","0.0011975258239544928","0.0011975258239544928","0.0011975258239544928"
"33649","0.0016860045725479722","0.0016860045725479722","0.0016860045725479722"
"33683","0.0013764245668426156","0.0013764245668426156","0.0013764245668426156"
"33717","0.001533248694613576","0.001533248694613576","0.001533248694613576"
"33751","0.0014158535632304847","0.0014158535632304847","0.0014158535632304847"
"33785","0.0018883957527577877","0.0018883957527577877","0.0018883957527577877"
"33819","0.0011809945572167635","0.0011809945572167635","0.0011809945572167635"
"33853","0.0014482829719781876","0.0014482829719781876","0.0014482829719781876"
"33887","0.0017881547100842","0.0017881547100842","0.0017881547100842"
"33921","0.0021727830171585083","0.0021727830171585083","0.0021727830171585083"
"33955","0.0013999964576214552","0.0013999964576214552","0.0013999964576214552"
"33989","0.0010487411636859179","0.0010487411636859179","0.0010487411636859179"